High_Regress,Low_Regress,Open_Regress,Close_Regress
205.81892,202.15549,203.38446,204.48573
202.35077,198.73457,199.9518,201.03116
200.58844,196.99626,198.2075,199.27574
204.4804,200.83519,202.05963,203.15245
207.89345,204.20175,205.43774,206.55214
206.28664,202.61682,203.84738,204.95161
205.24847,201.5928,202.81985,203.91753
206.18402,202.51561,203.74582,204.8494
204.3647,200.72107,201.94511,203.0372
202.63477,199.01471,200.2329,201.31406
205.06001,201.40692,202.63332,203.7298
205.34183,201.68488,202.91223,204.0105
205.73053,202.0683,203.29697,204.39767
209.26138,205.55104,206.79169,207.9147
209.23648,205.52647,206.76703,207.8899
211.64963,207.90675,209.15549,210.2936
210.45364,206.72707,207.97174,209.1023
208.12256,204.42773,205.66452,206.78035
208.79013,205.08621,206.32526,207.4453
205.41899,201.761,202.98862,204.08737
207.00467,203.32507,204.55806,205.66684
209.7718,206.05452,207.29689,208.42314
207.81572,204.12508,205.36082,206.4747
210.34358,206.6185,207.86281,208.99268
208.4637,204.76424,206.00217,207.12015
206.86795,203.19022,204.42274,205.53065
210.165,206.44235,207.68605,208.81479
210.56804,206.8399,208.08498,209.21625
212.49585,208.74144,209.99304,211.1365
213.17294,209.40932,210.66321,211.81094
213.05858,209.29651,210.55002,211.69702
213.61938,209.84967,211.10509,212.25563
213.31555,209.54999,210.80437,211.95299
214.97198,211.18385,212.44385,213.60294
214.77028,210.9849,212.2442,213.40201
213.82115,210.04869,211.3048,212.45662
215.33229,211.53925,212.80046,213.96184
214.97423,211.18607,212.44606,213.60518
213.98148,210.20685,211.46347,212.61632
215.54817,211.75218,213.01413,214.17686
214.3879,210.60771,211.86572,213.02112
213.00014,209.23886,210.49217,211.63881
213.92555,210.15167,211.40811,212.5606
209.92853,206.2091,207.452,208.57924
210.72466,206.99438,208.23999,209.37225
207.44772,203.7621,204.99658,206.10815
207.74902,204.0593,205.2948,206.40826
210.81508,207.08359,208.32948,209.46233
209.84676,206.12845,207.37106,208.49779
213.09717,209.33458,210.58821,211.73546
212.88367,209.12398,210.37689,211.5228
214.69145,210.90714,212.16617,213.32349
215.68309,211.88527,213.14767,214.31125
216.6981,212.88644,214.15228,215.32228
217.13538,213.31776,214.5851,215.75786
215.60858,211.81178,213.07393,214.23705
211.65779,207.9148,209.16356,210.30171
210.85757,207.12549,208.37154,209.50464
212.5367,208.78174,210.03348,211.17719
214.6112,210.82799,212.08675,213.24356
213.69305,209.92235,211.178,212.32901
212.6356,208.87929,210.13136,211.2757
212.66667,208.90994,210.16211,211.30664
214.25468,210.47632,211.73389,212.88844
213.54459,209.7759,211.03105,212.18114
213.90204,210.12848,211.38484,212.53717
214.72365,210.9389,212.19804,213.35558
216.22299,212.41782,213.68204,214.84903
216.01921,212.2168,213.48035,214.64606
215.66945,211.87181,213.13417,214.29767
216.345,212.53816,213.80281,214.97057
216.78886,212.97598,214.24213,215.4127
214.98859,211.20023,212.46027,213.61948
217.61232,213.78822,215.05716,216.23293
217.7346,213.90884,215.17819,216.35474
215.85222,212.05208,213.31506,214.4797
216.41069,212.60297,213.86783,215.03601
216.13358,212.3296,213.59354,214.75996
214.30795,210.52887,211.7866,212.94151
214.0823,210.30629,211.56326,212.71674
211.69891,207.95537,209.20427,210.3427
209.00316,205.29633,206.53609,207.65749
210.60622,206.87756,208.12276,209.25427
211.72772,207.9838,209.23279,210.37138
209.30624,205.59529,206.83609,207.9594
209.34502,205.63354,206.87447,207.99802
210.51593,206.7885,208.0334,209.16434
214.93124,211.14366,212.40352,213.56235
214.7439,210.95888,212.2181,213.37575
214.62854,210.84508,212.1039,213.26083
215.31398,211.52118,212.78233,213.94359
217.35278,213.53221,214.80028,215.97441
217.14162,213.32393,214.59126,215.76407
217.82254,213.99557,215.26523,216.44232
217.511,213.68828,214.95688,216.132
216.86737,213.05342,214.31982,215.49089
217.03023,213.21405,214.48102,215.65312
216.51758,212.70839,213.97362,215.14247
214.42883,210.6481,211.90625,213.0619
215.66843,211.8708,213.13315,214.29665
215.89449,212.09378,213.3569,214.52182
214.92326,211.13579,212.39561,213.5544
215.74551,211.94685,213.20946,214.37344
215.59544,211.79883,213.06093,214.22395
215.96289,212.16125,213.42459,214.58995
214.44711,210.66612,211.92433,213.08011
214.72327,210.93852,212.19766,213.3552
212.90625,209.14626,210.39925,211.54529
212.7277,208.97014,210.22253,211.36745
215.22362,211.43205,212.69289,213.85358
215.43248,211.63806,212.89961,214.06161
213.95697,210.18266,211.43921,212.59189
213.94598,210.17183,211.42834,212.58096
214.65318,210.8694,212.12831,213.28539
215.61032,211.81349,213.07565,214.23877
218.1056,214.27478,215.54538,216.72427
217.60306,213.77907,215.04797,216.2237
219.05461,215.21085,216.48468,217.66956
218.76233,214.92256,216.19539,217.37843
216.59529,212.78503,214.05054,215.21988
216.31264,212.50624,213.77077,214.93834
216.3826,212.57526,213.84003,215.00803
212.27065,208.5193,209.77014,210.91217
213.82869,210.05614,211.31224,212.46411
215.26994,211.47775,212.73875,213.89972
214.81758,211.03154,212.29102,213.44913
214.25017,210.47186,211.7294,212.88394
215.43704,211.64256,212.90413,214.06616
211.19945,207.4627,208.70992,209.84517
212.65558,208.899,210.15114,211.29561
215.53758,211.74174,213.00365,214.16632
218.41739,214.58232,215.85397,217.03484
219.54169,215.6913,216.96678,218.15474
219.2228,215.37675,216.65115,217.8371
220.42247,216.56009,217.83855,219.03207
220.0873,216.22946,217.50679,218.6982
221.0668,217.19563,218.47629,219.67387
219.32336,215.47595,216.75069,217.93727
221.54562,217.66794,218.9502,220.15082
220.64755,216.78209,218.06133,219.25627
218.56993,214.73277,216.00496,217.18678
215.76057,211.96169,213.22435,214.38843
217.41246,213.59108,214.85934,216.03386
218.99855,215.15556,216.4292,217.61372
218.71936,214.88017,216.15286,217.33563
219.71333,215.8606,217.13666,218.3257
218.89598,215.05438,216.32767,217.51155
219.42865,215.5798,216.85489,218.04213
220.72528,216.85876,218.13826,219.3337
218.12224,214.29118,215.56184,216.74084
217.79208,213.96553,215.23508,216.41199
219.64738,215.79555,217.07138,218.26001
216.01118,212.2089,213.47241,214.63806
216.45056,212.64227,213.90727,215.07571
215.8645,212.06421,213.32722,214.49196
217.1088,213.29155,214.55878,215.73137
219.18239,215.3369,216.61116,217.79684
217.58443,213.7607,215.02954,216.20514
216.07474,212.27158,213.53531,214.70137
210.95332,207.21994,208.46631,209.60002
205.90648,202.24185,203.47112,204.57295
197.72862,194.1754,195.37695,196.42712
196.11896,192.58766,193.78377,194.82378
202.69217,199.07133,200.2897,201.37123
207.84447,204.15344,205.38927,206.50334
207.67369,203.98499,205.22025,206.33324
205.08443,201.43098,202.65747,203.7541
199.65878,196.07927,197.28735,198.34973
203.24991,199.62146,200.84172,201.92677
203.15584,199.52869,200.74863,201.83308
200.16608,196.57965,197.78947,198.85504
205.2545,201.59875,202.82582,203.92352
202.8246,199.20195,200.42078,201.50314
203.24045,199.61214,200.83237,201.91736
204.65295,201.0054,202.23042,203.32434
203.72318,200.08829,201.31015,202.3982
206.71973,203.044,204.27603,205.383
207.9658,204.27312,205.50937,206.6242
207.6125,203.92462,205.15967,206.27228
204.64012,200.99275,202.21773,203.31155
205.07877,201.4254,202.65187,203.74847
201.80214,198.19342,199.40878,200.48468
201.13705,197.5374,198.7505,199.8222
199.15741,195.58473,196.79112,197.85033
197.67368,194.1212,195.32257,196.37239
191.66335,188.19276,189.37375,190.38562
192.35725,188.87721,190.06056,191.0768
197.00015,193.45685,194.65593,195.7015
197.099,193.55435,194.75377,195.79997
200.68288,197.0894,198.30096,199.3698
203.54836,199.91585,201.13713,202.22406
201.18605,197.58572,198.799,199.87102
202.61539,198.99559,200.2137,201.29475
204.24576,200.60376,201.8274,202.91873
204.1469,200.50623,201.72954,202.82025
204.88164,201.23097,202.45677,203.55212
203.44617,199.81505,201.03598,202.12227
201.86984,198.2602,199.47578,200.55212
204.95412,201.30246,202.5285,203.62431
205.2851,201.62892,202.8561,203.954
205.59743,201.937,203.16522,204.26509
203.58301,199.95003,201.17142,202.25858
199.78485,196.20361,197.41214,198.4753
200.24625,196.65872,197.8688,198.93489
201.90402,198.29391,199.50961,200.58617
202.13069,198.5175,199.73398,200.81195
202.23386,198.61925,199.83607,200.9147
204.74258,201.09381,202.31914,203.41362
205.17996,201.52524,202.75203,203.84927
203.92601,200.28836,201.51091,202.60023
206.07112,202.40425,203.63408,204.73694
205.50949,201.85027,203.07819,204.1775
204.9002,201.24928,202.47514,203.57062
204.90656,201.25554,202.48141,203.57693
204.30824,200.66539,201.88924,202.98097
203.4278,199.79692,201.01779,202.10397
204.38408,200.74019,201.9643,203.05652
203.11569,199.48909,200.7089,201.79309
200.74069,197.14644,198.3582,199.4274
198.2246,194.66463,195.86786,196.92116
200.4136,196.8238,198.03445,199.1016
200.968,197.37064,198.58318,199.65381
203.6586,200.0246,201.24625,202.33388
203.26991,199.6412,200.86154,201.94672
200.93488,197.33798,198.5504,199.62082
201.58382,197.97807,199.1927,200.26723
203.24567,199.61728,200.83754,201.92256
203.57787,199.94495,201.16632,202.25345
203.94348,200.30559,201.5282,202.61763
203.15804,199.53084,200.7508,201.83527
205.1189,201.46498,202.69159,203.78844
203.0704,199.44441,200.66406,201.74799
198.62834,195.06285,196.26746,197.32332
201.27386,197.67235,198.88593,199.95848
199.27719,195.70287,196.90967,197.96962
198.56715,195.0025,196.2069,197.26236
197.82246,194.26796,195.46983,196.5206
199.1848,195.61172,196.81822,197.8776
195.22589,191.70677,192.89984,193.9342
195.85661,192.3289,193.52411,194.56245
197.43225,193.88307,195.08362,196.13191
200.973,197.37558,198.58812,199.6588
197.3903,193.84169,195.0421,196.09013
194.1663,190.66162,191.8511,192.87877
195.34529,191.82454,193.01802,194.05315
195.72514,192.1992,193.39397,194.43149
198.2259,194.66591,195.86916,196.92247
198.23369,194.67358,195.87685,196.9302
198.231,194.67093,195.87419,196.92754
200.14926,196.56305,197.77281,198.83827
198.36507,194.80318,196.00688,197.06108
196.61185,193.07384,194.2716,195.31473
193.06766,189.57794,190.7637,191.78442
192.62088,189.13724,190.32149,191.33939
189.40858,185.96872,187.14207,188.1397
184.24783,180.87827,182.03413,182.99915
182.35806,179.01424,180.16371,181.11679
181.7047,178.36978,179.51703,180.46597
181.7356,178.40025,179.5476,180.49675
178.32884,175.0399,176.17572,177.10335
182.27386,178.93118,180.08037,181.03291
179.41579,176.11205,177.25153,178.18604
178.696,175.40207,176.53912,177.46907
177.02245,173.75131,174.88269,175.80208
177.16473,173.89166,175.02351,175.9438
180.95343,177.62874,178.77344,179.71765
178.3682,175.07874,176.21468,177.14255
179.95355,176.64249,177.7838,178.7217
178.6785,175.3848,176.52179,177.45163
178.25949,174.97151,176.10709,177.03427
183.27364,179.91733,181.0699,182.02876
184.04237,180.6756,181.83076,182.7945
180.41937,177.10196,178.24484,179.18568
180.56607,177.24666,178.39006,179.33182
182.12312,178.7825,179.93117,180.88277
177.96721,174.6832,175.81778,176.74313
173.42744,170.20529,171.32448,172.22116
173.97281,170.74323,171.86427,172.76439
175.02911,171.78513,172.90976,173.81654
173.80069,170.57346,171.69391,172.59294
177.9793,174.69513,175.82976,176.75517
182.22057,178.8786,180.0276,180.97981
185.77515,182.38477,183.5458,184.52048
186.39684,182.998,184.16115,185.13974
186.9053,183.49953,184.6644,185.64621
190.75697,187.29872,188.47665,189.48279
189.04424,185.60931,186.78145,187.77676
189.79196,186.34686,187.52153,188.52156
191.46204,187.99419,189.17451,190.1851
191.62636,188.15627,189.33713,190.34875
190.2115,186.7607,187.93677,188.93947
194.50192,190.99266,192.18327,193.21307
196.30261,192.76881,193.96553,195.0067
197.37701,193.82858,195.02895,196.07689
197.55405,194.0032,195.20418,196.25323
198.39345,194.83116,196.03497,197.08936
195.19998,191.68121,192.87419,193.90839
194.3658,190.8584,192.04855,193.07748
193.71721,190.21863,191.40659,192.43143
197.16995,193.62433,194.82399,195.87064
197.96576,194.4093,195.61166,196.66333
195.91896,192.3904,193.58582,194.62456
196.81248,193.27174,194.47018,195.51457
196.37375,192.83899,194.03595,195.07756
197.04622,193.50229,194.70152,195.74739
197.43825,193.88898,195.08954,196.13788
197.7998,194.2456,195.4474,196.49803
196.53616,192.99919,194.1967,195.23935
197.08653,193.54205,194.74144,195.78755
196.9533,193.41063,194.60956,195.65483
198.10355,194.54523,195.74805,196.80058
199.27473,195.70044,196.90724,197.96718
200.98949,197.39183,198.60443,199.67522
201.8914,198.28146,199.49713,200.5736
201.72151,198.11389,199.32898,200.40437
198.69344,195.12706,196.3319,197.38815
200.98582,197.38823,198.60083,199.67157
198.34491,194.7833,195.98694,197.041
198.48999,194.9264,196.13054,197.18552
197.3313,193.7835,194.98369,196.03136
199.09842,195.52654,196.73274,197.79156
201.3729,197.77002,198.98393,200.05711
201.352,197.74942,198.96326,200.03632
202.19775,198.58365,199.80035,200.87875
202.82779,199.2051,200.42393,201.50632
203.37242,199.74231,200.96298,202.04881
204.80122,201.15166,202.37718,203.47203
204.36794,200.72426,201.9483,203.04042
204.086,200.44617,201.66927,202.7596
203.30089,199.67175,200.8922,201.97757
204.06438,200.42484,201.64786,202.73805
202.69687,199.07596,200.29436,201.3759
201.04146,197.4431,198.65588,199.72697
199.18669,195.6136,196.8201,197.87947
201.48322,197.87885,199.09312,200.167
199.94414,196.36073,197.5698,198.63396
198.34966,194.78796,195.99162,197.04572
199.51855,195.94095,197.14856,198.21004
200.00632,196.42206,197.63133,198.69589
201.29372,197.69193,198.90556,199.97826
202.94601,199.32172,200.54095,201.62408
201.1366,197.53694,198.75005,199.82175
201.30185,197.69995,198.9136,199.98636
200.17308,196.58655,197.79639,198.862
201.44003,197.83624,199.05038,200.124
199.14938,195.5768,196.78317,197.84232
199.809,196.22745,197.43605,198.49936
198.8274,195.2592,196.46448,197.52159
200.45447,196.86412,198.0749,199.1423
200.62518,197.0325,198.24387,199.31233
202.70314,199.08215,200.30057,201.38216
204.0194,200.38046,201.60335,202.69325
203.18948,199.56186,200.78192,201.8666
203.78796,200.15219,201.37428,202.46272
203.66548,200.03139,201.25305,202.34073
204.01968,200.38075,201.60362,202.69354
205.79724,202.1341,203.36299,204.46414
204.56013,200.91385,202.13855,203.23187
205.58054,201.92035,203.1485,204.24828
205.14879,201.49448,202.72118,203.81822
205.81743,202.154,203.38298,204.48425
204.90584,201.25484,202.48071,203.57622
202.12799,198.51483,199.7313,200.80927
200.37564,196.78636,197.99689,199.06378
199.90546,196.32259,197.53151,198.59543
199.60704,196.02823,197.23615,198.29819
199.65652,196.07704,197.28513,198.34747
199.29918,195.72455,196.93143,197.99153
200.91322,197.3166,198.52896,199.59924
201.02617,197.42802,198.64075,199.71176
201.25671,197.65543,198.86894,199.94139
204.76529,201.11621,202.3416,203.43623
197.03178,193.48805,194.68724,195.73302
190.81288,187.35388,188.532,189.53848
195.02783,191.5114,192.7038,193.73691
198.40445,194.84201,196.04585,197.1003
200.21385,196.62677,197.83675,198.90262
200.83669,197.24112,198.45322,199.52301
199.85979,196.27753,197.4863,198.54994
200.91042,197.31384,198.52618,199.59645
200.71373,197.11984,198.33151,199.40054
204.27515,200.63274,201.85648,202.948
205.45929,201.80075,203.0285,204.12752
207.57074,203.88344,205.11835,206.2307
207.98816,204.29517,205.5315,206.64647
209.18608,205.47678,206.71716,207.8397
209.0378,205.3305,206.57039,207.69199
210.26852,206.54446,207.78851,208.91791
210.08832,206.36671,207.61015,208.7384
211.90521,208.15886,209.40846,210.54817
211.61635,207.87392,209.12254,210.26044
213.89001,210.11662,211.37294,212.5252
213.65309,209.88293,211.13846,212.28922
214.4869,210.70537,211.96371,213.11974
214.23698,210.45886,211.71637,212.87082
214.58267,210.79984,212.0585,213.21513
214.95187,211.16402,212.42393,213.5829
214.16762,210.39044,211.6477,212.80173
211.7476,208.0034,209.25247,210.39119
211.81404,208.06892,209.3182,210.45735
211.78836,208.0436,209.2928,210.43178
213.18645,209.42264,210.67657,211.82439
212.86044,209.10107,210.35391,211.49966
212.85948,209.10011,210.35295,211.4987
212.46814,208.71411,209.96562,211.1089
213.24115,209.4766,210.73071,211.87888
213.06053,209.29843,210.55196,211.69897
213.74342,209.97203,211.22786,212.37918
212.39227,208.63928,209.89052,211.03333
212.60219,208.84634,210.0983,211.24243
213.11298,209.35016,210.60385,211.7512
212.40562,208.65245,209.90373,211.04662
213.52354,209.75514,211.01022,212.16017
214.05215,210.27655,211.53343,212.6867
212.49231,208.73796,209.98955,211.13298
212.6325,208.87625,210.12831,211.27263
213.23605,209.47156,210.72566,211.8738
214.65187,210.8681,212.127,213.28407
213.86057,210.08757,211.3438,212.49588
213.40253,209.63577,210.89044,212.03961
213.40562,209.63884,210.89351,212.04271
213.90836,210.1347,211.3911,212.54347
214.41003,210.62955,211.88763,213.04318
215.23343,211.44173,212.7026,213.86336
213.97882,210.20421,211.46083,212.61366
208.12103,204.42624,205.66301,206.77882
211.7182,207.9744,209.22336,210.3619
208.48796,204.78816,206.02618,207.14432
208.01376,204.32042,205.55684,206.67198
210.20103,206.47789,207.72173,208.85068
209.66551,205.94966,207.19167,208.31725
209.90147,206.18242,207.42523,208.55229
209.93102,206.21156,207.45447,208.58171
212.11378,208.3646,209.6149,210.75594
214.85904,211.07245,212.33205,213.49043
213.43785,209.67062,210.92542,212.07481
212.07246,208.32382,209.57399,210.71477
213.1138,209.35098,210.60468,211.75203
214.27306,210.49445,211.75208,212.90675
212.1875,208.4373,209.68785,210.82936
214.10146,210.32518,211.58221,212.73581
213.24684,209.48221,210.73636,211.88455
212.33453,208.58234,209.83337,210.97581
212.56654,208.81117,210.06302,211.20692
212.69196,208.93489,210.18715,211.33185
212.55356,208.79837,210.05017,211.19398
213.97163,210.19713,211.45372,212.60649
209.48714,205.77371,207.01512,208.13957
209.36275,205.65102,206.892,208.01567
208.05278,204.3589,205.59544,206.71083
208.27129,204.57443,205.8117,206.92848
207.80455,204.11406,205.34976,206.46358
209.08397,205.37605,206.61609,207.73799
210.04456,206.32355,207.56683,208.69481
211.34322,207.60452,208.8522,209.98839
211.73097,207.987,209.236,210.37462
213.8207,210.04823,211.30432,212.45615
211.17963,207.44315,208.69029,209.82542
209.14258,205.43385,206.67409,207.79636
208.4681,204.76855,206.0065,207.12451
207.97096,204.27821,205.51448,206.62935
208.32713,204.62953,205.867,206.98412
207.0077,203.32806,204.56107,205.66986
206.15714,202.48909,203.71921,204.82263
204.75981,201.1108,202.33618,203.43076
206.38805,202.71686,203.94775,205.05263
211.50273,207.76186,209.01009,210.14728
212.14058,208.39102,209.64142,210.78262
213.15732,209.3939,210.64774,211.79536
215.22922,211.43758,212.69844,213.85916
214.24054,210.46237,211.71988,212.87436
214.4588,210.67766,211.9359,213.09175
215.20982,211.41844,212.67924,213.83983
213.96255,210.18817,211.44473,212.59746
215.18793,211.39685,212.65758,213.81802
215.02068,211.23189,212.49203,213.65144
216.72514,212.91313,214.17906,215.34923
216.23094,212.42566,213.68991,214.85696
217.90265,214.07458,215.34451,216.52211
218.69614,214.85727,216.12988,217.3125
216.70126,212.88957,214.15543,215.32544
217.24391,213.42482,214.6925,215.86595
215.9977,212.19559,213.45906,214.62463
214.30869,210.52959,211.78734,212.94223
215.3658,211.5723,212.83362,213.99521
217.00095,213.18517,214.45203,215.62395
217.20628,213.38771,214.65527,215.82849
218.58846,214.75105,216.0233,217.20525
219.23085,215.3847,216.65912,217.84512
220.35101,216.4896,217.7678,218.96088
220.07672,216.21904,217.49634,218.68767
221.09367,217.22215,218.50288,219.70065
219.2235,215.37744,216.65184,217.83778
221.22826,217.35489,218.63608,219.83469
221.17596,217.30331,218.58434,219.78261
221.04495,217.17409,218.45465,219.65211
221.96393,218.08054,219.36423,220.56749
221.1574,217.285,218.56595,219.76411
220.77472,216.90753,218.1872,219.38293
221.7435,217.86311,219.14604,220.34792
222.4611,218.57094,219.85631,221.06271
220.18552,216.32635,217.60402,218.79605
220.10349,216.24544,217.52281,218.71432
219.21133,215.36545,216.6398,217.82568
221.34085,217.46596,218.74753,219.94685
223.79778,219.8894,221.1793,222.39415
223.45584,219.55214,220.84087,222.05356
225.82683,221.89081,223.18759,224.41525
225.50665,221.575,222.87068,224.09633
227.0938,223.14052,224.44159,225.67726
227.28278,223.32693,224.62865,225.8655
226.51408,222.56871,223.86781,225.09981
227.26845,223.31279,224.61446,225.85123
225.9511,222.0134,223.3106,224.53903
226.53316,222.58751,223.88669,225.1188
225.85825,221.9218,223.21867,224.44653
226.63025,222.68329,223.98279,225.21552
226.23312,222.29158,223.58974,224.81996
228.05135,224.08502,225.38934,226.63106
226.8625,222.91238,224.21266,225.44687
226.13261,222.19244,223.49025,224.71985
227.1681,223.21382,224.51514,225.75128
225.58925,221.65646,222.95244,224.1786
227.39297,223.43562,224.7377,225.97525
227.1533,223.19922,224.50049,225.73654
226.2387,222.29707,223.59525,224.8255
228.15373,224.18602,225.49068,226.73303
227.34312,223.38644,224.68837,225.9256
227.12447,223.17078,224.47194,225.7078
227.92517,223.96057,225.26447,226.50537
229.70895,225.72006,227.02998,228.28217
229.91919,225.92743,227.23807,228.49158
231.03038,227.02348,228.33789,229.59842
232.08983,228.0685,229.38649,230.65372
233.20676,229.1702,230.49199,231.76627
231.89273,227.87408,229.1914,230.4574
232.57959,228.55157,229.87123,231.14156
234.20235,230.15222,231.47739,232.75795
233.68166,229.63863,230.96202,232.2393
233.95117,229.90448,231.22878,232.50777
234.95747,230.89708,232.2248,233.51013
235.24345,231.17915,232.50784,233.79498
234.74698,230.68944,232.01645,233.30045
237.69417,233.59648,234.93347,236.2361
235.65045,231.58061,232.91068,234.2004
235.80646,231.73448,233.06508,234.35579
234.25797,230.20709,231.53244,232.81337
233.11641,229.08109,230.40257,231.67627
232.08896,228.06763,229.38564,230.65285
232.84457,228.81296,230.13351,231.4055
233.91367,229.86748,231.19167,232.4704
234.92969,230.86967,232.1973,233.48245
233.90425,229.8582,231.18234,232.46103
235.88867,231.81558,233.14645,234.43767
233.50247,229.46188,230.78467,232.06082
233.84987,229.80455,231.12851,232.40686
232.85742,228.82564,230.14624,231.4183
229.9526,225.96037,227.27113,228.52486
230.84088,226.83656,228.15033,229.40965
230.37502,226.37704,227.68924,228.94563
230.3881,226.38995,227.70218,228.95866
230.37978,226.38173,227.69394,228.95036
231.7256,227.70923,229.026,230.29091
231.85123,227.83315,229.15033,230.41605
232.41928,228.39345,229.71257,230.98187
232.20782,228.18488,229.50328,230.77124
232.46521,228.43875,229.75803,231.02762
231.82306,227.80536,229.12245,230.38799
231.3655,227.35402,228.66957,229.93222
232.25734,228.23372,229.55229,230.82057
232.31035,228.286,229.60475,230.87337
232.43913,228.41304,229.73222,231.00166
231.55406,227.54002,228.85622,230.12006
230.26373,226.26727,227.57909,228.83478
229.31003,225.32657,226.63515,227.88481
230.76476,226.76147,228.07498,229.33383
229.80319,225.813,227.12326,228.37604
230.61514,226.6139,227.92691,229.18481
233.51039,229.4697,230.79251,232.06871
232.87265,228.84065,230.1613,231.43347
234.78748,230.72939,232.05652,233.34079
236.70244,232.61827,233.9519,235.24826
238.00249,233.90059,235.23863,236.5432
237.56348,233.46758,234.80412,236.10593
236.4786,232.39748,233.73036,235.0253
237.38583,233.29236,234.6283,235.92899
238.63356,234.52307,235.86325,237.1718
237.46828,233.37367,234.7099,236.0111
237.34886,233.25587,234.5917,235.89214
239.37201,235.25146,236.59415,237.90736
238.3987,234.29141,235.6308,236.93787
239.36089,235.2405,236.58313,237.89629
239.57678,235.45345,236.79681,238.11133
239.12605,235.00887,236.35071,237.66237
239.09448,234.97772,236.31946,237.63092
241.14954,237.00478,238.35349,239.67793
240.4741,236.33855,237.68495,239.00514
236.45961,232.37875,233.71156,235.00638
237.47324,233.37856,234.7148,236.01602
238.18939,234.08496,235.42363,236.72939
239.56015,235.43704,236.78035,238.09477
240.75291,236.61356,237.9609,239.28285
241.78719,237.63373,238.98459,240.31308
243.2739,239.10019,240.4561,241.79396
243.13368,238.96188,240.31732,241.6543
242.9201,238.75122,240.10593,241.44156
243.10432,238.93294,240.28827,241.62506
245.43503,241.23189,242.59511,243.94662
245.92786,241.718,243.08289,244.43753
244.54121,240.35025,241.71045,243.05632
244.1068,239.92175,241.28047,242.62361
243.61542,239.43707,240.79413,242.13416
243.19823,239.02556,240.38121,241.7186
242.01692,237.86035,239.21199,240.54192
240.56624,236.42943,237.77615,239.09692
242.2522,238.09242,239.44485,240.77628
241.57,237.41953,238.76965,240.09676
241.60674,237.45575,238.806,240.13333
242.07132,237.914,239.26582,240.5961
244.2029,240.01654,241.3756,242.71933
241.15536,237.01053,238.35925,239.68375
241.38446,237.23651,238.586,239.91194
242.11255,237.95467,239.30664,240.63718
242.34566,238.1846,239.53737,240.86937
241.9167,237.76149,239.1128,240.4421
239.78876,235.66254,237.00662,238.32248
241.8412,237.68701,239.03807,240.36688
240.79314,236.65323,238.00073,239.32292
240.0958,235.9654,237.31052,238.62831
239.94943,235.82101,237.16565,238.48253
240.49867,236.36278,237.70929,239.02962
237.4885,233.39362,234.7299,236.03123
239.56624,235.44304,236.78638,238.10083
238.83453,234.72131,236.06216,237.372
239.00638,234.89081,236.23225,237.54317
241.40692,237.25865,238.60823,239.9343
241.27043,237.12402,238.47313,239.79836
242.02142,237.86479,239.21645,240.5464
241.71878,237.56627,238.9169,240.24495
242.27283,238.11276,239.46527,240.79681
243.30357,239.12947,240.48547,241.82353
243.31985,239.14554,240.50159,241.83975
239.95364,235.82518,237.16983,238.48672
240.00024,235.87114,237.21596,238.53314
238.98163,234.8664,236.20776,237.51851
237.22835,233.13701,234.47243,235.77211
236.68172,232.59782,233.93138,235.22762
237.15782,233.06744,234.40262,235.70186
236.80998,232.72435,234.05835,235.35538
236.40408,232.32397,233.6566,234.95107
235.32635,231.26093,232.5899,233.87756
234.69887,230.64198,231.96883,233.25253
235.51654,231.44852,232.77814,234.067
235.77779,231.7062,233.0367,234.32722
234.10953,230.06067,231.38551,232.6655
233.31635,229.2783,230.60046,231.87543
230.06366,226.06993,227.38106,228.63548
229.8092,225.81892,227.1292,228.38202
232.20238,228.1795,229.4979,230.76582
233.31897,229.28088,230.60306,231.87805
233.37389,229.33505,230.65741,231.93274
229.5032,225.5171,226.82634,228.07722
229.87285,225.88171,227.1922,228.44542
229.78589,225.79594,227.10614,228.35881
232.42336,228.39748,229.7166,230.98593
231.12941,227.12115,228.4359,229.69705
231.50136,227.48804,228.80405,230.06755
231.99167,227.97168,229.28934,230.55595
232.87288,228.84088,230.16153,231.4337
233.40039,229.3612,230.68364,231.95915
235.62852,231.55898,232.88898,234.17854
237.11394,233.02415,234.35918,235.65814
237.86397,233.76396,235.10153,236.40523
235.81807,231.74594,233.07658,234.36736
237.44823,233.3539,234.69005,235.99112
238.31256,234.20645,235.54555,236.85208
237.17897,233.0883,234.42355,235.72292
238.766,234.65372,235.99434,237.30373
240.27426,236.14142,237.48717,238.80608
239.77592,235.64987,236.99393,238.30971
239.78471,235.65855,237.00262,238.31845
241.24255,237.09653,238.44554,239.77058
240.92377,236.78209,238.13002,239.45305
239.02191,234.90614,236.24763,237.55864
240.18835,236.05669,237.40215,238.72052
239.88013,235.75266,237.09706,238.4135
239.49316,235.37096,236.71405,238.02805
238.73909,234.62717,235.9677,237.27692
239.31483,235.19508,236.53757,237.85042
240.69583,236.55725,237.90442,239.226
240.61314,236.4757,237.82257,239.14363
242.45021,238.28773,239.64084,240.97351
243.704,239.52443,240.88179,242.22238
243.33255,239.15805,240.51416,241.8524
243.94585,239.763,241.12117,242.46329
246.14278,241.93,243.29562,244.65161
245.41891,241.21599,242.57916,243.93057
244.77492,240.58076,241.94176,243.28911
244.86037,240.66505,242.02634,243.37422
245.13803,240.93893,242.30116,243.6508
245.31754,241.11598,242.47882,243.82959
245.27081,241.0699,242.43257,243.78307
245.37808,241.17572,242.53876,243.88991
246.14095,241.92819,243.29381,244.64978
245.99353,241.78278,243.14789,244.50294
246.38377,242.16771,243.53415,244.89166
250.4076,246.13672,247.51678,248.89972
248.79979,244.55081,245.92545,247.29822
249.79326,245.53075,246.90874,248.28778
247.60452,243.37183,244.7424,246.10762
249.47815,245.21992,246.59685,247.9739
251.40869,247.12418,248.50764,249.8969
250.95956,246.68117,248.06311,249.44952
252.87344,248.56897,249.9574,251.35591
252.19325,247.89804,249.28416,250.67838
250.14343,245.87614,247.25533,248.6366
250.96368,246.68523,248.06718,249.45363
253.04045,248.7337,250.1227,251.52226
252.41206,248.11388,249.50075,250.89633
254.83661,250.50539,251.90047,253.31137
254.36018,250.03545,251.42892,252.83682
253.91805,249.59933,250.99132,252.39642
254.74535,250.41537,251.81015,253.22047
255.75749,251.41373,252.81194,254.22865
254.02495,249.70479,251.09712,252.5029
254.29192,249.96811,251.36136,252.76881
253.77669,249.45992,250.85141,252.25562
256.44147,252.08841,253.48892,254.90997
259.10385,254.7145,256.12402,257.56192
260.14032,255.73683,257.14987,258.5943
260.15253,255.74887,257.16196,258.60648
259.93384,255.53316,256.9455,258.38864
261.10376,256.68716,258.1035,259.554
263.14816,258.7037,260.12695,261.59036
264.44058,259.97852,261.40616,262.87775
264.15103,259.69293,261.11957,262.58932
263.36935,258.92188,260.34586,261.8107
261.1886,256.77084,258.18744,259.6385
260.1317,255.72836,257.1414,258.58575
261.41138,256.99057,258.40796,259.8604
261.87625,257.44913,258.86807,260.32346
263.4437,258.9952,260.4195,261.88477
261.53342,257.11096,258.52872,259.98196
261.57892,257.15582,258.57376,260.02728
262.09253,257.66245,259.08212,260.53888
263.4459,258.99738,260.42163,261.88696
264.25607,259.7965,261.22354,262.69397
263.22513,258.7796,260.20312,261.66705
264.75418,260.28784,261.71655,263.19012
267.19757,262.69794,264.13492,265.62393
266.7801,262.28616,263.7217,265.2081
266.36713,261.87885,263.313,264.79675
266.35928,261.8711,263.30524,264.78894
268.6755,264.15573,265.59772,267.09607
267.4079,262.90543,264.3431,265.83344
268.99423,264.47012,265.91318,267.41354
271.26358,266.7086,268.15933,269.674
270.60608,266.06,267.50854,269.01907
273.34818,268.76477,270.2226,271.75046
275.50476,270.89197,272.35712,273.8986
276.0995,271.47858,272.94574,274.49097
271.90396,267.3402,268.79315,270.3119
274.14087,269.54666,271.00717,272.54004
275.38834,270.77713,272.24188,273.78262
274.0699,269.47665,270.93692,272.46933
279.05426,274.39313,275.87027,277.43417
277.73914,273.0959,274.5686,276.12418
281.96017,277.25943,278.74646,280.3287
281.74518,277.04736,278.53363,280.11453
281.78955,277.09113,278.57758,280.15875
280.5921,275.91,277.39236,278.96597
273.77658,269.18732,270.6466,272.17715
277.3579,272.71985,274.19128,275.74445
275.65674,271.04187,272.5075,274.04996
271.86267,267.2995,268.7523,270.27075
272.58713,268.0141,269.46933,270.99237
272.59207,268.01895,269.4742,270.99728
268.58243,264.06393,265.5056,267.00336
258.88947,254.50305,255.91187,257.3484
260.0656,255.66316,257.07596,258.51993
259.04178,254.65326,256.0626,257.5001
250.912,246.63425,248.01604,249.40215
254.04909,249.72859,251.121,252.52695
256.50287,252.14893,253.54967,254.9711
256.27005,251.9193,253.31924,254.73921
259.05768,254.66896,256.07834,257.51593
261.88364,257.45642,258.8754,260.33084
262.27502,257.84247,259.26276,260.72067
261.4409,257.01968,258.43716,259.8898
260.859,256.4457,257.8612,259.31018
261.36145,256.94135,258.35852,259.81067
267.71692,263.2102,264.64896,266.14124
269.91492,265.37827,266.82446,268.33063
267.74463,263.23755,264.67636,266.16882
265.37067,260.89594,262.32672,263.80417
262.1623,257.73126,259.15115,260.60837
263.66922,259.21768,260.6427,262.1094
267.5365,263.03226,264.47037,265.96152
268.92993,264.4067,265.84955,267.3495
269.5754,265.0434,266.48843,267.99246
269.68192,265.14844,266.59384,268.09854
274.3234,269.72668,271.1878,272.72183
273.74152,269.15274,270.61188,272.14224
270.69604,266.14877,267.5976,269.1087
270.70016,266.15283,267.60168,269.11282
270.72812,266.1804,267.62933,269.14066
270.83603,266.28683,267.73615,269.24814
265.61154,261.1335,262.56512,264.04413
267.7809,263.27335,264.7123,266.205
267.57077,263.06607,264.5043,265.99567
262.14798,257.71713,259.13702,260.59412
256.08304,251.73483,253.13416,254.55293
262.4779,258.04257,259.46356,260.92276
257.33902,252.97371,254.37727,255.80399
257.23615,252.87222,254.27544,255.7015
263.94406,259.48874,260.9147,262.38315
255.76073,251.41692,252.81512,254.23187
258.04852,253.67352,255.0795,256.5107
258.63,254.24712,255.65506,257.08994
260.8702,256.4568,257.8723,259.32135
255.74059,251.39705,252.7952,254.21182
256.1331,251.7842,253.18369,254.60277
260.46063,256.05276,257.46692,258.91336
258.44238,254.06203,255.46933,256.903
262.3037,257.87076,259.29114,260.74924
260.62054,256.2105,257.62518,259.07266
264.26172,259.8021,261.22913,262.6996
266.89944,262.40387,263.83984,265.32697
267.86597,263.35724,264.79648,266.2897
266.1457,261.6604,263.0938,264.57617
264.18918,259.73053,261.15732,262.62732
264.33383,259.87323,261.30048,262.7714
260.6698,256.2591,257.67395,259.12173
260.42255,256.01523,257.42923,258.87546
266.1829,261.69708,263.13065,264.61322
267.9557,263.44574,264.88528,266.37906
266.27625,261.78915,263.22302,264.7062
267.4098,262.9073,264.34497,265.83533
266.3824,261.89386,263.3281,264.81195
265.97253,261.4896,262.92242,264.4037
268.4239,263.90756,265.3487,266.84546
270.0026,265.46475,266.91122,268.41794
271.0511,266.49896,267.949,269.46234
275.21185,270.60303,272.06717,273.6068
278.94208,274.28247,275.75925,277.32245
279.81195,275.14047,276.6202,278.18887
279.63715,274.96805,276.44717,278.01477
279.61868,274.94986,276.42892,277.9964
281.50436,276.8098,278.2953,279.87466
280.4778,275.79727,277.27924,278.85214
281.18893,276.4987,277.9831,279.5605
282.62125,277.9115,279.40076,280.98718
282.65845,277.9482,279.43756,281.02423
282.74017,278.0288,279.51846,281.10562
281.79822,277.09967,278.58615,280.16736
280.00116,275.32712,276.8075,278.37738
275.95813,271.33917,272.80582,274.35016
280.24332,275.56598,277.04718,278.61856
279.4603,274.7936,276.27216,277.83862
281.9164,277.21628,278.70312,280.28513
283.8722,279.1454,280.6389,282.23322
284.2095,279.47812,280.97275,282.5692
286.3846,281.62363,283.1256,284.7358
284.69727,279.95923,281.4555,283.05505
284.81442,280.0748,281.57147,283.17175
285.62424,280.8736,282.37302,283.9784
286.08612,281.3292,282.83017,284.43848
286.87903,282.11127,283.61496,285.22827
288.5169,283.72684,285.23608,286.85974
286.64355,281.87903,283.3819,284.99374
288.11444,283.32986,284.83774,286.45886
286.62396,281.85968,283.3625,284.9742
287.02686,282.25708,283.76126,285.37552
285.4382,280.6901,282.18887,283.79312
287.46136,282.68567,284.19135,285.80835
282.19492,277.49097,278.9788,280.56253
282.71796,278.0069,279.4965,281.08353
280.3854,275.70612,277.18777,278.7601
279.7188,275.0486,276.528,278.0961
280.2134,275.53647,277.01755,278.58878
280.36966,275.6906,277.1722,278.74442
279.08243,274.4209,275.89816,277.46225
281.315,276.62305,278.10788,279.68607
284.31714,279.5843,281.07928,282.67645
286.87027,282.10263,283.6063,285.21954
286.8488,282.08145,283.58502,285.19815
285.47244,280.72385,282.22275,283.82718
287.91476,283.13293,284.6401,286.25998
287.00214,282.2327,283.73682,285.3509
285.90427,281.14978,282.65018,284.25732
285.81857,281.06528,282.56534,284.17197
287.47537,282.6995,284.2052,285.8223
288.0579,283.27408,284.78177,286.40253
292.22635,287.38574,288.90756,290.55466
292.89206,288.0424,289.56647,291.21777
292.02985,287.19193,288.71307,290.35892
295.87982,290.98944,292.52362,294.19382
294.6329,289.75952,291.28946,292.95178
292.3486,287.50635,289.02856,290.67645
289.55136,284.74722,286.25995,287.89017
289.97437,285.16443,286.6786,288.3115
292.76334,287.91544,289.43906,291.08954
295.0001,290.1217,291.65292,293.31754
296.74884,291.84662,293.38376,295.05942
298.926,293.99414,295.53864,297.22806
300.15564,295.20703,296.7557,298.45288
300.82825,295.87048,297.42142,299.12286
299.82156,294.8775,296.42502,298.12012
298.74548,293.81607,295.35995,297.04825
298.76492,293.83527,295.3792,297.06763
300.6495,295.69415,297.2445,298.9448
300.49808,295.5448,297.09464,298.79398
302.41144,297.43207,298.9884,300.69983
304.20654,299.20276,300.76514,302.4879
305.61124,300.5883,302.15546,303.8871
304.63724,299.62756,301.19144,302.91693
306.70038,301.6626,303.23346,304.972
306.686,301.6484,303.2192,304.95764
309.20374,304.13184,305.71118,307.4655
309.99072,304.9081,306.4901,308.24942
310.43344,305.3448,306.92828,308.6904
312.29236,307.1784,308.76822,310.54205
310.3324,305.24515,306.82828,308.58975
310.95502,305.85928,307.44455,309.20996
310.4868,305.3974,306.98108,308.74353
308.2697,303.21054,304.7867,306.53516
308.08,303.0234,304.59894,306.3462
308.50266,303.4403,305.01727,306.76718
311.02695,305.9302,307.51572,309.2816
310.82687,305.73288,307.31772,309.0823
310.9956,305.89932,307.48474,309.2504
314.12772,308.98877,310.58478,312.3702
314.38354,309.2411,310.83798,312.62506
311.87286,306.76462,308.353,310.1242
313.07648,307.95184,309.5443,311.32312
313.45044,308.3207,309.91443,311.69562
315.61777,310.45853,312.05957,313.85443
315.61725,310.458,312.05908,313.8539
315.2965,310.14163,311.7416,313.53442
315.4125,310.256,311.85638,313.64996
315.20245,310.04886,311.64853,313.44077
315.26752,310.11304,311.71292,313.50555
316.66797,311.4944,313.09903,314.9005
316.86612,311.68985,313.29514,315.09787
314.88983,309.74048,311.33908,313.12933
316.36365,311.19424,312.79782,314.5974
313.13367,308.00824,309.6009,311.38007
311.27563,306.1755,307.76187,309.5293
308.6986,303.6336,305.21124,306.9624
310.46088,305.37186,306.95544,308.71774
299.08215,294.14816,295.69318,297.3836
294.53555,289.6635,291.1931,292.85483
299.0058,294.07285,295.61765,297.30756
296.665,291.76395,293.30078,294.97592
303.84113,298.8423,300.40347,302.12393
304.32135,299.31598,300.87878,302.60226
301.34167,296.3769,297.92957,299.63425
299.01883,294.0857,295.6305,297.3205
298.83633,293.9057,295.4499,297.13876
295.17297,290.29224,291.824,293.48972
286.35315,281.59256,283.09445,284.70447
290.81564,285.99426,287.5113,289.14948
284.10883,279.3788,280.8731,282.46893
282.4946,277.7866,279.27542,280.86102
288.08237,283.29822,284.80597,286.4269
292.66663,287.82004,289.34332,290.9932
295.13144,290.25128,291.78293,293.44836
295.3904,290.5067,292.0392,293.70633
294.74884,289.87387,291.40424,293.06726
298.03207,293.1124,294.65387,296.33765
306.46317,301.42862,302.99866,304.7357
305.9488,300.92126,302.48956,304.22333
304.08237,299.08026,300.64224,302.36423
298.54276,293.61612,295.1593,296.8463
297.40747,292.4963,294.03564,295.71548
295.28363,290.4014,291.93356,293.59998
298.52985,293.6034,295.14655,296.83347
299.41748,294.4789,296.0251,297.7176
290.849,286.02716,287.54428,289.18268
287.55264,282.77573,284.28168,285.89926
289.23294,284.43314,285.9448,287.573
288.67618,283.88397,285.39374,287.0184
293.72662,288.86557,290.39246,292.04904
295.27698,290.3948,291.92694,293.59332
301.09167,296.13028,297.68213,299.38522
302.4036,297.42435,298.98062,300.69202
305.3865,300.36664,301.933,303.66324
307.00366,301.96176,303.53363,305.27408
298.74915,293.8197,295.3636,297.0519
296.52234,291.62323,293.15958,294.83383
288.57877,283.78784,285.2973,286.92136
291.2969,286.46896,287.9876,289.62885
291.42957,286.59982,288.11893,289.761
293.61288,288.7534,290.2799,291.93576
294.19226,289.3249,290.85333,292.51285
287.6355,282.85742,284.36368,285.98178
279.1483,274.48584,275.96332,277.5278
278.79337,274.13577,275.61206,277.17432
273.6514,269.06384,270.5227,272.05246
266.8178,262.32336,263.75906,265.24567
262.71674,258.27817,259.69995,261.16064
255.42763,251.08835,252.48544,253.90009
268.16232,263.64957,265.0898,266.5849
271.3037,266.74814,268.19904,269.71396
271.739,267.17755,268.6299,270.14758
274.0137,269.4212,270.8813,272.41333
272.47604,267.9045,269.35938,270.8817
265.67923,261.20032,262.63214,264.11154
275.18848,270.58,272.04407,273.58353
278.5762,273.92157,275.3971,276.95798
283.88327,279.15634,280.64987,282.24426
285.90643,281.15192,282.6523,284.2595
288.17007,283.38477,284.8928,286.51428
288.11716,283.33252,284.8404,286.46155
286.18762,281.4293,282.93063,284.53958
290.4498,285.63342,287.1492,288.78506
291.90933,287.07306,288.59378,290.2389
294.6277,289.75436,291.2843,292.94656
299.6385,294.69693,296.24384,297.93774
296.9893,292.0838,293.62173,295.29892
297.8534,292.93613,294.47702,296.15964
299.42133,294.48273,296.0289,297.72147
303.76834,298.7705,300.33142,302.05142
300.51364,295.56015,297.11005,298.80948
299.04532,294.11185,295.65674,297.34692
304.92145,299.9079,301.47272,303.2
307.74966,302.6976,304.272,306.01715
308.3847,303.32397,304.90054,306.64972
309.15317,304.08197,305.66113,307.41516
311.36774,306.26636,307.85303,309.62103
313.29462,308.16702,309.7602,311.54037
311.1749,306.07614,307.66217,309.42896
312.97952,307.8562,309.44833,311.22653
314.63586,309.48996,311.0877,312.87637
315.73096,310.57016,312.1716,313.9672
318.61136,313.41132,315.02252,316.8363
318.24106,313.04605,314.656,316.46744
321.42188,316.18356,317.8043,319.6358
322.61386,317.35928,318.98407,320.82312
323.6469,318.37827,320.00653,321.8521
321.43668,316.19812,317.8189,319.65054
323.9339,318.66132,320.2906,322.13797
324.93848,319.65225,321.28488,323.13864
323.79828,318.5276,320.15637,322.0029
324.64523,319.363,320.99466,322.84653
324.07483,318.80035,320.43008,322.27838
327.66107,322.33774,323.9796,325.85056
324.17355,318.89774,320.5278,322.37668
323.94714,318.6744,320.3037,322.15118
319.9031,314.68546,316.30106,318.123
316.7931,311.6178,313.22284,315.02515
317.5614,312.37564,313.9833,315.79044
321.4512,316.2125,317.8333,319.66504
322.69342,317.43777,319.0628,320.90237
325.94275,320.64285,322.2789,324.13898
327.41675,322.09674,323.7378,325.60718
328.12976,322.80005,324.4435,326.3174
328.4867,323.1521,324.79678,326.67294
330.8213,325.45493,327.1075,328.9984
329.10617,323.76315,325.40994,327.29
334.08167,328.67087,330.3345,332.24597
325.48633,320.19263,321.82715,323.68433
325.1603,319.87103,321.50446,323.3596
328.2295,322.8984,324.5422,326.41675
325.7055,320.4088,322.04407,323.90265
328.93817,323.59744,325.24365,327.12265
333.73804,328.3319,329.99442,331.90372
336.91315,331.46378,333.13702,335.0664
337.2954,331.84082,333.51535,335.44714
338.6593,333.18613,334.8653,336.8057
336.297,330.85602,332.52716,334.45264
339.17993,333.69968,335.38058,337.32428
340.43292,334.93558,336.62076,338.57236
338.2439,332.7764,334.45413,336.3919
339.40094,333.91766,335.59933,337.54443
339.20767,333.72705,335.40805,337.35193
340.826,335.3233,337.0098,338.9639
339.73932,334.25143,335.93427,337.8815
335.82712,330.39252,332.06207,333.9846
330.73914,325.37387,327.02618,328.91656
332.71872,327.3265,328.9855,330.8884
330.01776,324.66232,326.3122,328.19803
335.1917,329.76578,331.4332,333.35168
335.43097,330.0018,331.67,333.59003
335.81918,330.3847,332.05423,333.9767
338.35446,332.88544,334.56357,336.50204
337.7298,332.2693,333.94528,335.87982
339.08267,333.60373,335.28433,337.22742
336.40872,330.96622,332.63773,334.56393
338.2356,332.7682,334.44592,336.38364
341.26752,335.75882,337.4468,339.4037
340.7411,335.23956,336.92578,338.87933
334.15643,328.7446,330.4085,332.32047
334.58664,329.16895,330.83432,332.749
332.09036,326.7067,328.3636,330.26248
332.49283,327.10367,328.76193,330.6634
322.62878,317.374,318.9988,320.83798
326.7952,321.48364,323.1226,324.98807
326.94034,321.62683,323.26627,325.13266
330.46973,325.10812,326.75952,328.6482
327.62286,322.30005,323.9418,325.81247
325.79663,320.4987,322.13428,323.9934
328.43594,323.10205,324.74655,326.62238
328.7872,323.44855,325.09424,326.9723
323.95166,318.67886,320.30817,322.15567
324.17105,318.89526,320.5253,322.3742
322.513,317.2598,318.88425,320.72266
319.98273,314.76398,316.37985,318.20227
323.22626,317.96335,319.5902,321.4331
320.9796,315.74728,317.36652,319.19525
317.442,312.25787,313.8651,315.6715
325.9187,320.61908,322.25507,324.115
329.82843,324.47556,326.1248,328.0094
332.87308,327.47873,329.13828,331.04214
336.92963,331.48,333.15332,335.0828
339.94724,334.4565,336.14,338.08856
339.4049,333.9216,335.60327,337.54837
340.04062,334.54865,336.23248,338.1816
341.699,336.18442,337.8739,339.8335
339.89413,334.40414,336.08746,338.03568
341.13065,335.6238,337.31134,339.26736
344.9625,339.40347,341.10397,343.0842
348.36493,342.75955,344.4716,346.4733
350.59763,344.96182,346.68143,348.69727
351.1613,345.5178,347.23932,349.2587
349.30396,343.68576,345.401,347.40866
347.83704,342.23886,343.9491,345.94748
347.01157,341.42462,343.13208,345.12524
348.30612,342.70154,344.4134,346.41473
350.29465,344.66296,346.38153,348.39545
352.0549,346.39923,348.12378,350.1488
353.1859,347.51486,349.24323,351.2754
357.83826,352.10382,353.84796,355.90952
357.5246,351.79443,353.5375,355.59708
355.38693,349.68588,351.42172,353.46777
355.54337,349.84018,351.57654,353.6236
354.22626,348.54102,350.27292,352.31168
355.40103,349.6998,351.43567,353.48184
356.12292,350.41183,352.15018,354.2009
356.08658,350.376,352.11423,354.1647
353.01144,347.34274,349.07056,351.10162
351.4388,345.79153,347.514,349.53513
353.77173,348.09268,349.82306,351.85892
349.18842,343.5718,345.28665,347.29355
350.88962,345.24985,346.97043,348.9881
353.7859,348.10666,349.83707,351.87302
358.15826,352.41946,354.1647,356.22827
354.99246,349.29678,351.03128,353.07486
359.24536,353.49173,355.24066,357.3111
359.62946,353.8706,355.62082,357.6937
361.3163,355.5345,357.29044,359.37396
356.08417,350.3736,352.11182,354.1623
353.3762,347.70255,349.43158,351.46494
348.5388,342.93103,344.64368,346.64648
338.7889,333.31396,334.99356,336.93478
344.3329,338.78244,340.4808,342.45706
343.31686,337.78024,339.4752,341.445
350.60312,344.96725,346.68686,348.70273
349.20624,343.5894,345.3043,347.3113
345.13733,339.5759,341.277,343.25833
349.2945,343.67642,345.39163,347.39923
338.55484,333.0831,334.7619,336.70166
341.2417,335.73337,337.42126,339.378
346.7807,341.1969,342.90356,344.8953
350.22388,344.59317,346.31152,348.32498
347.3967,341.8045,343.51328,345.50888
350.16888,344.53894,346.25708,348.2702
348.39844,342.7926,344.50476,346.50668
340.80524,335.30286,336.98926,338.94324
344.4232,338.87152,340.5702,342.547
344.71753,339.16183,340.8615,342.8402
346.51706,340.93683,342.6426,344.63266
350.7771,345.13885,346.85907,348.876
351.54276,345.89407,347.61688,349.63867
347.3775,341.78558,343.49426,345.48975
350.07468,344.446,346.16385,348.17636
357.0696,351.34564,353.0872,355.1439
355.79163,350.08505,351.82227,353.8709
350.5056,344.87106,346.59036,348.60562
346.97092,341.38452,343.09183,345.08475
350.9263,345.286,347.00674,349.02463
351.85986,346.20685,347.93076,349.95453
351.69684,346.04605,347.76938,349.79214
352.90128,347.2341,348.96152,350.99188
355.1798,349.48157,351.2167,353.26147
354.3711,348.68387,350.4163,352.45593
354.7186,349.02664,350.76022,352.8021
354.9658,349.27048,351.0049,353.0483
355.6075,349.90344,351.64005,353.6875
350.44827,344.8145,346.53363,348.5485
350.59424,344.95847,346.67807,348.69388
348.44806,342.84155,344.55386,346.5561
343.87592,338.33167,340.0285,342.00186
346.27322,340.69632,342.40128,344.38977
340.68726,335.18646,336.8725,338.8257
335.5373,330.10666,331.77524,333.69592
340.1167,334.6237,336.30777,338.2574
343.7762,338.23334,339.92984,341.90256
342.08505,336.56522,338.25598,340.21802
333.6464,328.24152,329.9037,331.8124
339.64548,334.15887,335.84137,337.788
342.9484,337.4168,339.1105,341.078
347.60104,342.00607,343.7155,345.7124
345.54913,339.9821,341.6846,343.66852
348.58768,342.97925,344.69205,346.69516
345.4798,339.91373,341.616,343.5995
346.32922,340.75156,342.4567,344.44556
344.51532,338.96237,340.66138,342.63876
348.37778,342.77222,344.48428,346.48608
344.9861,339.42676,341.12735,343.10773
346.13046,340.5555,342.25998,344.2476
347.8571,342.25864,343.96896,345.96747
350.2718,344.64044,346.35895,348.3727
353.8236,348.14386,349.8744,351.91058
354.51663,348.82742,350.5603,352.6009
355.93863,350.23007,351.96777,354.01733
353.8505,348.17038,349.901,351.93738
355.61337,349.90924,351.64584,353.69336
359.4477,353.6913,355.44092,357.51263
356.2704,350.55728,352.2961,354.34778
354.39496,348.70743,350.4399,352.4797
357.1229,351.3982,353.13992,355.19696
357.07025,351.34625,353.0878,355.1445
353.9982,348.31604,350.04718,352.08447
356.8767,351.15536,352.89627,354.95175
359.05774,353.30667,355.05496,357.12424
358.52573,352.7819,354.52838,356.59427
362.93066,357.12683,358.88824,360.98196
361.9047,356.11487,357.8728,359.96002
364.3927,358.56897,360.33533,362.4383
365.26028,359.4247,361.19403,363.30246
362.7516,356.95023,358.711,360.8036
363.2376,357.4296,359.19205,361.28772
367.71466,361.84567,363.6233,365.74722
368.24402,362.36783,364.14725,366.2745
370.71912,364.8092,366.59702,368.73993
368.6511,362.76935,364.55014,366.68
365.8486,360.00504,361.77634,363.8885
365.01462,359.1824,360.95087,363.05777
366.5657,360.71234,362.48608,364.60275
365.75668,359.91437,361.68533,363.7969
371.77155,365.8473,367.63867,369.78824
369.14847,363.25992,365.04242,367.1754
367.67783,361.80933,363.58682,365.71054
368.69525,362.8129,364.59384,366.72397
372.24817,366.3174,368.1104,370.26297
372.06177,366.13354,367.9259,370.0773
373.87415,367.92123,369.71973,371.88257
372.95074,367.0104,368.8058,370.9628
374.99048,369.02237,370.82465,372.99454
378.01962,372.01022,373.82275,376.0118
377.90875,371.90088,373.71304,375.90137
379.25067,373.22452,375.04126,377.23807
378.24197,372.22955,374.04285,376.23328
379.93512,373.89966,375.7187,377.9198
379.97992,373.94382,375.763,377.96442
377.07654,371.08,372.88934,375.07242
379.1177,373.09338,374.90964,377.1056
383.86,377.77103,379.60336,381.82928
380.48096,374.43805,376.2589,378.4635
381.88367,375.82166,377.64728,379.86072
381.53088,375.47366,377.2981,379.5093
383.607,377.52148,379.35297,381.5773
386.9845,380.853,382.69592,384.9416
385.49536,379.38416,381.22202,383.45828
388.2552,382.10635,383.95358,386.20728
387.98532,381.84015,383.6865,385.93845
387.98648,381.8413,383.68762,385.9396
393.54074,387.3199,389.18503,391.4721
394.79187,388.554,390.42337,392.71835
393.39297,387.17413,389.0388,391.32492
394.30203,388.07083,389.93854,392.23044
393.1239,386.90875,388.77246,391.05692
389.7372,383.5682,385.42044,387.6835
383.6726,377.5862,379.4179,381.64264
387.1653,381.03134,382.87488,385.12167
388.48163,382.32974,384.17773,386.43283
385.72824,379.61383,381.4525,383.69022
379.50278,373.4732,375.29077,377.48917
381.97244,375.9092,377.73514,379.94916
390.1049,383.93088,385.78436,388.04974
390.97632,384.79044,386.64688,388.91776
389.76474,383.59534,385.4477,387.7109
385.97702,379.85922,381.69873,383.93802
390.48065,384.3015,386.15628,388.42404
393.457,387.2373,389.10217,391.3887
396.58453,390.32224,392.1977,394.504
396.84595,390.58008,392.45642,394.76437
401.2743,394.9481,396.83945,399.17538
401.23126,394.90567,396.79688,399.13254
404.984,398.6073,400.5112,402.87057
404.34668,397.97864,399.8804,402.23572
400.17435,393.86316,395.75076,398.07974
385.99792,379.87985,381.71942,383.95886
373.6297,367.6801,369.47778,371.63907
371.66412,365.74133,367.53235,369.6812
354.99115,349.2955,351.03,353.07355
353.01523,347.3465,349.0743,351.10538
366.70956,360.85425,362.62848,364.74606
356.99,351.2671,353.00836,355.06454
373.40915,367.4626,369.2595,371.4194
359.16885,353.41626,355.16492,357.2349
351.67654,346.02603,347.7493,349.77194
323.7479,318.47784,320.10648,321.9527
341.00787,335.50272,337.18985,339.14508
325.78436,320.48657,322.1221,323.98117
303.46304,298.46936,300.02924,301.7473
330.9631,325.5948,327.24786,329.13965
296.84195,291.93848,293.47592,295.1522
314.00146,308.86423,310.4598,312.24448
294.8122,289.93637,291.46695,293.13037
295.07007,290.19073,291.72217,293.38724
287.34567,282.5716,284.07684,285.6931
278.1631,273.51407,274.98822,276.54648
303.8291,298.8304,300.39154,302.11194
302.94925,297.96255,299.5207,301.23553
321.4958,316.25644,317.87744,319.7094
310.6946,305.60242,307.1868,308.95056
326.49,321.18262,322.82053,324.68405
323.74542,318.47543,320.10403,321.95023
309.93033,304.84854,306.43033,308.18927
317.05786,311.879,313.48495,315.2889
307.73712,302.6852,304.25958,306.00467
330.05548,324.69952,326.34952,328.2356
328.87854,323.53864,325.18463,327.06326
341.542,336.02957,337.71848,339.6771
351.19058,345.5467,347.2683,349.28787
344.52792,338.9748,340.67386,342.65134
354.70728,349.01547,350.74902,352.7908
349.11905,343.5034,345.218,347.22446
353.2193,347.5478,349.27628,351.30865
362.4459,356.64868,358.40845,360.49908
356.2708,350.5577,352.29654,354.3482
344.4648,338.91257,340.6114,342.58847
357.65317,351.92123,353.66476,355.72513
358.6928,352.94672,354.69376,356.7607
363.2226,357.4148,359.17722,361.27277
369.80487,363.9074,365.6921,367.82925
362.28104,356.48608,358.24527,360.3349
372.91632,366.97644,368.7717,370.9285
367.26877,361.40585,363.18195,365.30307
358.02814,352.2911,354.03592,356.09866
358.29764,352.55695,354.30264,356.3671
364.4754,358.65054,360.41718,362.52066
361.59952,355.8138,357.5707,359.65604
369.1531,363.2645,365.047,367.18002
371.62503,365.70276,367.49362,369.64227
374.20358,368.2462,370.04578,372.21072
368.06195,362.1882,363.967,366.09314
362.231,356.4367,358.19574,360.28503
366.19925,360.3509,362.12338,364.23776
370.99542,365.08173,366.87048,369.01514
379.31274,373.28574,375.10266,377.29987
375.24646,369.27484,371.078,373.2495
382.52765,376.45685,378.28467,380.5022
378.6669,372.6487,374.46344,376.65656
381.68494,375.6256,377.4506,379.66278
384.48007,378.3827,380.21713,382.44696
387.7183,381.57678,383.42218,385.6725
391.22137,385.03214,386.8894,389.16183
395.18124,388.93805,390.80875,393.10617
399.1641,392.86664,394.75085,397.07343
400.98807,394.66577,396.55615,398.89026
402.53802,396.1946,398.09024,400.43414
398.56772,392.2784,394.16058,396.4794
410.66187,404.20776,406.13095,408.52615
411.7377,405.26898,407.19577,409.5978
408.92752,402.49707,404.41437,406.79865
407.13248,400.72647,402.63766,405.0106
385.03793,378.93292,380.76926,383.00262
389.6173,383.44992,385.30176,387.56406
394.49664,388.2628,390.13116,392.4243
397.17322,390.9029,392.78036,395.09036
395.3214,389.07632,390.9475,393.24582
397.13702,390.8672,392.7445,395.0543
400.18967,393.87823,395.76593,398.095
403.0562,396.70575,398.60315,400.95032
403.56076,397.20343,399.10254,401.4529
392.7669,386.5566,388.41913,390.70132
397.9711,391.6899,393.57007,395.88513
389.74692,383.57776,385.43005,387.69318
393.3747,387.15613,389.0207,391.30673
400.68234,394.36423,396.25357,398.58575
405.1772,398.79782,400.7024,403.063
407.86862,401.45258,403.36627,405.74387
413.9547,407.45578,409.3901,411.80612
410.0025,403.5574,405.47833,407.8694
411.92322,405.45197,407.3794,409.7826
412.83972,406.35596,408.2865,410.6955
413.22235,406.7334,408.66522,411.07663
407.90955,401.49295,403.4068,405.78464
413.59903,407.10495,409.03806,411.45184
421.47437,414.873,416.8328,419.29633
418.6937,412.1302,414.08057,416.52652
422.88324,416.26266,418.22726,420.69968
425.7815,419.12143,421.09583,423.58655
426.7157,420.0429,422.02048,424.51712
424.35797,417.7173,419.6869,422.1686
421.37845,414.77838,416.73788,419.20078
418.17905,411.62256,413.5712,416.01392
421.97626,415.36804,417.32956,419.79623
418.70038,412.13678,414.0872,416.5332
424.00314,417.3673,419.3357,421.8152
423.53268,416.90326,418.87003,421.34656
427.33093,420.64978,422.62943,425.12994
429.74356,423.0295,425.01733,427.5331
431.18338,424.44974,426.44244,428.9673
435.0323,428.24622,430.25195,432.80112
436.8538,430.0429,432.0548,434.61548
438.87427,432.03583,434.05463,436.62805
434.70905,427.92737,429.93204,432.47916
432.27634,425.5278,427.52423,430.05597
438.83493,431.99704,434.0157,436.58887
440.72003,433.85645,435.8815,438.46658
439.4054,432.55975,434.58032,437.1571
441.5174,434.64294,436.6707,439.2608
441.0344,434.16653,436.19263,438.7797
439.9148,433.0622,435.0845,437.6645
439.18167,432.33905,434.35886,436.93423
439.5415,432.694,434.71503,437.29266
438.3817,431.55002,433.5671,436.13742
444.48868,437.5738,439.61157,442.2205
448.80295,441.82925,443.88168,446.51782
448.67612,441.70416,443.75616,446.3915
453.2465,446.21228,448.27975,450.94397
453.90717,446.86395,448.9337,451.60205
458.70404,451.59546,453.68146,456.38013
466.2922,459.08026,461.19196,463.9386
449.77728,442.7903,444.84604,447.48834
443.94824,437.04068,439.07666,441.68213
435.61063,428.81665,430.82437,433.3772
444.41296,437.49908,439.53662,442.14502
438.62576,431.7907,433.80865,436.3805
437.69235,430.87003,432.8848,435.45074
442.08362,435.20148,437.2311,439.82483
449.05435,442.07724,444.13052,446.76825
445.73422,438.80234,440.84436,443.46112
441.67807,434.80142,436.8297,439.42087
438.7629,431.926,433.9444,436.51712
434.7687,427.9862,429.9911,432.53857
437.77502,430.9516,432.96664,435.5331
431.62524,424.8856,426.8798,429.40744
430.0634,423.345,425.33392,427.85168
438.58963,431.75507,433.7729,436.3445
443.39645,436.49643,438.53052,441.1325
445.0118,438.08975,440.12933,442.74155
447.86703,440.9061,442.95532,445.58557
447.3144,440.361,442.40836,445.0351
447.45267,440.49738,442.54523,445.17282
457.61182,450.51813,452.6004,455.29218
455.7709,448.7023,450.77832,453.4585
463.27573,456.1049,458.20636,460.93393
462.68378,455.52097,457.62045,460.34427
465.38168,458.18213,460.29074,463.03162
468.98627,461.7376,463.85843,466.62207
468.67288,461.4285,463.54825,466.3099
467.42105,460.19373,462.30923,465.063
468.0009,460.76566,462.88315,465.64056
471.07486,463.79776,465.92566,468.70248
467.11688,459.8937,462.00818,464.76004
468.1331,460.89606,463.01398,465.77222
470.25394,462.988,465.11313,467.8848
473.53903,466.22836,468.3646,471.157
476.5274,469.17603,471.32242,474.1337
470.84064,463.56674,465.69385,468.4692
471.49448,464.21167,466.34097,469.12045
454.47647,447.42548,449.49713,452.16913
455.71613,448.64825,450.7241,453.4039
450.1748,443.18243,445.2395,447.8843
456.6562,449.5755,451.65454,454.3403
467.23358,460.00882,462.1237,464.87628
479.18268,471.7951,473.95047,476.77853
487.90643,480.40002,482.58496,485.4681
496.2792,488.65875,490.87207,493.8081
496.45874,488.83582,491.04974,493.98694
486.80756,479.31613,481.49734,484.37354
493.27634,485.69678,487.8999,490.817
489.41977,481.89273,484.0828,486.97552
494.37424,486.77972,488.98657,491.91058
496.61926,488.99417,491.20862,494.14682
494.97165,487.36902,489.57788,492.50568
487.95023,480.4432,482.6283,485.51172
492.92636,485.35156,487.5535,490.46835
491.44028,483.8857,486.08264,488.9881
490.85086,483.30432,485.49924,488.401
492.4754,484.90674,487.10715,490.01917
493.4694,485.8872,488.091,491.00928
497.38312,489.74762,491.96466,494.90768
499.56604,491.9008,494.12524,497.08206
503.99643,496.2708,498.51028,501.49506
504.5374,496.80444,499.04575,502.03394
503.70932,495.9876,498.2261,501.20908
508.62396,500.8353,503.09045,506.10446
507.79495,500.0176,502.26993,505.27872
510.9526,503.13223,505.39526,508.42398
500.5084,492.8303,495.05795,498.0207
502.22052,494.5191,496.75256,499.72614
500.97595,493.2915,495.52072,498.48645
498.81815,491.1631,493.385,496.3371
505.0888,497.34833,499.5915,502.5832
502.77182,495.0629,497.29822,500.27527
507.80655,500.02902,502.2814,505.29025
507.2698,499.4996,501.75015,504.7556
505.6736,497.92517,500.17032,503.1657
507.32816,499.55716,501.80792,504.81375
507.1237,499.35547,501.60556,504.61008
507.84665,500.0686,502.3211,505.33023
511.32516,503.4997,505.764,508.79507
508.24765,500.46414,502.718,505.72964
509.90927,502.10312,504.36264,507.38477
514.6559,506.7851,509.06067,512.1128
507.051,499.28378,501.5336,504.5377
512.54895,504.70685,506.97528,510.0141
520.7524,512.79846,515.0947,518.18536
530.46783,522.38165,524.7108,527.8628
537.83044,529.6439,531.99805,535.19653
534.76807,526.6233,528.96704,532.1462
532.0427,523.935,526.26953,529.43146
530.6928,522.6035,524.9335,528.08685
528.2241,520.16846,522.49,525.6278
526.45276,518.42126,520.7368,523.8634
528.0342,519.9811,522.302,525.4386
535.5918,527.4357,529.7823,532.9666
530.747,522.657,524.9871,528.1408
530.1446,522.0628,524.39087,527.5408
527.55206,519.50555,521.8248,524.9584
522.2518,514.27747,516.5788,519.6789
505.37018,497.62585,499.86996,502.86343
510.41745,502.60434,504.86557,507.89093
506.80927,499.04532,501.29434,504.29688
516.87946,508.97833,511.26147,514.32764
527.1703,519.12897,521.44696,524.5781
521.63184,513.66595,515.9652,519.06134
524.1456,516.14557,518.4533,521.5653
525.53284,517.51385,519.8263,522.9471
529.1139,521.0461,523.3707,526.5141
531.0873,522.9926,525.32385,528.47974
529.82684,521.7493,524.0763,527.22424
536.6656,528.49493,530.8451,534.03625
541.0298,532.7997,535.1646,538.3833
538.7773,530.5778,532.9352,536.13965
535.6327,527.4761,529.82275,533.0074
532.42303,524.3102,526.64594,529.8103
533.3598,525.2342,527.5731,530.7434
524.07605,516.0769,518.3844,521.49603
523.48334,515.49225,517.7977,520.9056
527.86005,519.8093,522.12964,525.26514
518.3841,510.46246,512.7507,515.82635
519.4697,511.5333,513.8252,516.9077
531.49744,523.39716,525.7298,528.8883
526.2676,518.2386,520.5535,523.67896
516.3657,508.47162,510.753,513.8159
505.31018,497.56668,499.8106,502.80368
510.69186,502.87506,505.1372,508.1643
504.26102,496.5318,498.77216,501.7586
516.11487,508.22415,510.5047,513.56604
516.62256,508.72495,511.0072,514.0717
531.84576,523.7408,526.07465,529.2353
530.42255,522.3369,524.66595,527.8176
537.2627,529.08386,531.4361,534.631
532.8911,524.77185,527.10925,530.27655
531.92664,523.82056,526.15466,529.31586
528.1779,520.12286,522.4443,525.5818
530.23346,522.1504,524.4788,527.6293
533.8781,525.7454,528.0862,531.25964
529.1851,521.11633,523.44116,526.5851
524.0204,516.022,518.3293,521.44055
526.00604,517.9806,520.2947,523.41846
538.28143,530.08875,532.4444,535.64575
534.54803,526.40625,528.74927,531.927
532.3964,524.2839,526.6196,529.78375
536.9926,528.81744,531.16876,534.36194
541.8776,533.6359,536.0038,539.22784
549.0181,540.6792,543.0712,546.3404
551.46405,543.09174,545.49207,548.7767
550.1288,541.7747,544.17053,547.4467
555.8133,547.3818,549.7968,553.1089
557.96265,549.50183,551.9242,555.2498
559.37256,550.8925,553.3197,556.65424
563.5012,554.96497,557.40607,560.7667
559.95526,551.46735,553.8964,557.2347
570.4609,561.8298,564.2945,567.6991
569.49524,560.8773,563.3388,566.7373
566.35126,557.7762,560.2269,563.6056
563.54913,555.0122,557.4535,560.81445
570.3276,561.6983,564.1626,567.56635
567.6959,559.1025,561.55786,564.94495
577.1375,568.41547,570.90283,574.34955
576.2985,567.5879,570.0724,573.51385
576.83093,568.11304,570.59937,574.0442
573.8409,565.16376,567.6399,571.06586
577.82574,569.09436,571.58405,575.03516
574.09,565.4095,567.88654,571.314
572.3723,563.71515,566.18634,569.603
567.1035,558.5182,560.9715,564.3549
564.3649,555.8169,558.261,561.6271
565.99524,557.425,559.8746,563.251
570.3973,561.7671,564.23157,567.6358
562.6302,554.1058,556.54395,559.89905
562.67285,554.1479,556.5862,559.9416
551.266,542.8964,545.2961,548.5794
554.1422,545.73346,548.1429,551.4444
563.6466,555.1084,557.55,560.91156
560.5327,552.0369,554.46796,557.8099
559.8672,551.38043,553.80927,557.1469
559.4517,550.97064,553.398,556.7331
568.65845,560.0519,562.5105,565.9037
569.8459,561.22314,563.6858,567.0865
574.9994,566.3065,568.7866,572.21985
571.83905,563.1892,565.65857,569.0719
571.9773,563.32556,565.7954,569.2096
575.0956,566.40137,568.8818,572.3157
576.7964,568.07904,570.5652,574.0098
573.2706,564.6013,567.0755,570.49786
574.1593,565.47784,567.9551,571.383
571.0432,562.4042,564.8709,568.2792
574.37177,565.68744,568.1654,571.59467
572.46594,563.80756,566.27905,569.69635
574.8734,566.1822,568.66187,572.09436
574.4909,565.80493,568.2833,571.7133
582.9155,574.11475,576.62164,580.1049
585.3989,576.56433,579.07965,582.5786
587.1159,578.25793,580.77905,584.2889
585.7131,576.8742,579.3906,582.89154
585.558,576.72125,579.2371,582.73706
590.5073,581.60315,584.1358,587.667
582.5821,573.7859,576.2917,579.7728
591.8883,582.96533,585.5027,589.0426
596.6835,587.6951,590.2487,593.819
597.12415,588.1298,590.6849,594.2579
598.7893,589.77234,592.333,595.91656
601.41925,592.3664,594.93604,598.5362
605.3909,596.284,598.8671,602.4923
605.47235,596.36426,598.94763,602.5734
603.64954,594.56635,597.14355,600.75775
604.8445,595.745,598.32623,601.94806
610.4033,601.2281,603.8282,607.48505
610.7327,601.553,604.1542,607.8132
614.0612,604.8361,607.4486,611.1286
610.22577,601.053,603.6524,607.3082
618.22705,608.94525,611.5718,615.27814
623.6624,614.3066,616.9516,620.6922
622.3922,613.0537,615.6944,619.427
620.055,610.7483,613.38104,617.09894
618.7057,609.41736,612.0456,615.75494
615.5022,606.2575,608.8749,612.56396
607.65643,598.5186,601.1094,604.7489
615.26636,606.0249,608.6415,612.3291
626.6441,617.2476,619.9027,623.66223
631.05457,621.598,624.26807,628.0554
637.1424,627.6029,630.2936,634.1194
635.9394,626.4163,629.1029,632.92114
634.8762,625.3676,628.0506,631.86206
635.6977,626.17786,628.86365,632.6803
636.68414,627.1509,629.84,633.6629
637.4761,627.932,630.62384,634.4517
634.87494,625.36633,628.0493,631.8608
638.8551,629.29224,631.9888,635.8254
642.401,632.78986,635.49835,639.35736
645.90186,636.24304,638.9634,642.84454
648.45636,638.76276,641.49176,645.38904
648.4461,638.7526,641.4816,645.37885
644.9826,635.3363,638.0536,641.9289
644.3442,634.7066,637.4217,641.29297
649.4506,639.74347,642.4758,646.3794
651.85364,642.1138,644.8543,648.773
655.0885,645.3045,648.05597,651.9952
653.076,643.31946,646.06415,649.99054
644.61237,634.9711,637.68713,641.5601
649.1591,639.4559,642.1873,646.089
654.0217,644.25226,647.0001,650.93256
658.9889,649.1518,651.9165,655.8803
661.17065,651.30383,654.0759,658.0535
664.1054,654.1986,656.98065,660.9768
663.6324,653.732,656.51245,660.50555
669.75604,659.7723,662.5735,666.6053
673.38043,663.3472,666.16077,670.21545
670.06305,660.0751,662.8773,666.9111
672.49304,662.4719,665.2824,669.33154
678.69135,668.58575,671.4173,675.50555
680.63513,670.5031,673.3412,677.4417
675.8821,665.8148,668.6368,672.7073
678.48846,668.3857,671.2165,675.30347
674.719,664.6676,667.4856,671.54877
670.6225,660.6269,663.431,667.4683
667.1381,657.18994,659.9823,663.99756
666.9873,657.0412,659.83307,663.84735
672.43976,662.41943,665.22974,669.2785
671.98706,661.97284,664.7816,668.8275
668.8876,658.91565,661.7139,665.74023
661.09485,651.22906,654.0009,657.978
663.13873,653.24506,656.02386,660.01385
670.18274,660.1931,662.9958,667.0303
679.933,669.81055,672.64624,676.7423
679.99066,669.86743,672.7033,676.79974
668.749,658.77893,661.5767,665.6022
652.0369,642.2945,645.03564,648.95557
650.884,641.1572,643.89453,647.8071
644.5982,634.95715,637.6731,641.546
649.77045,640.05896,642.7924,646.698
640.2558,630.6739,633.3751,637.2206
645.6044,635.9496,638.66895,642.5482
648.0965,638.4077,641.13556,645.0306
653.68005,643.9152,646.662,650.5922
648.6447,638.94855,641.6782,645.57666
642.1623,632.5544,635.2621,639.1196
644.35815,634.7204,637.43555,641.3069
645.9386,636.27924,638.99976,642.8811
657.0146,647.20435,649.9624,653.9137
661.6926,651.8187,654.5926,658.5735
665.7931,655.8633,658.65106,662.65784
669.93024,659.9441,662.7459,666.7788
671.7953,661.7837,664.59186,668.63654
679.67395,669.555,672.38983,676.4843
682.707,672.54675,675.39185,679.5055
681.955,671.805,674.6476,678.7564
681.4581,671.3149,674.15576,678.2615
676.5414,666.46515,669.28937,673.364
684.0931,673.914,676.7638,680.88617
688.3945,678.15674,681.0211,685.17065
690.1341,679.8727,682.7429,686.9035
696.2935,685.9482,688.8393,693.03876
691.9168,681.6311,684.50745,688.67926
697.4463,687.08527,689.9803,694.187
694.2056,683.88873,686.7728,690.95905
699.486,689.09717,691.99915,696.21875
696.9659,686.6114,689.5048,693.7085
691.4369,681.1577,684.0324,688.2012
692.48334,682.18994,685.0681,689.2435
696.18176,685.83795,688.7287,692.9274
693.00305,682.7026,685.5826,689.7612
701.2094,690.79706,693.7049,697.93536
697.42114,687.0605,689.95544,694.162
698.86835,688.4879,691.3878,695.6035
694.56555,684.2438,687.129,691.31757
687.7171,677.4886,680.35065,684.4959
684.26556,674.0841,676.9345,681.058
687.3044,677.0815,679.9422,684.08484
674.23883,664.194,667.0104,671.0705
685.1651,674.9714,677.8248,681.954
668.26196,658.2985,661.09467,665.11707
653.0245,643.2686,646.0131,649.9393
664.74567,654.8301,657.6143,661.6145
656.89014,647.0816,649.83923,653.7898
655.54816,645.75793,648.511,652.45306
673.54803,663.5126,666.32666,670.38245
680.7445,670.61096,673.4494,677.55066
675.26324,665.2044,668.0243,672.0909
677.17694,667.09204,669.9184,673.9971
674.0051,663.96344,666.77905,670.8377
662.07794,652.1987,654.97394,658.9572
674.53577,664.4868,667.30426,671.3663
670.79224,660.7943,663.599,667.6374
670.00903,660.0218,662.82385,666.85724
661.7729,651.8978,654.672,658.6534
672.2538,662.23596,665.0456,669.0932
679.88586,669.76404,672.59955,676.6954
684.66406,674.4772,677.3289,681.4549
697.6664,687.30237,690.1982,694.40625
693.75037,683.43964,686.3222,690.50555
694.7324,684.4083,687.2942,691.48376
694.935,684.60815,687.4947,691.68555
693.6779,683.3682,686.2505,690.4334
686.7315,676.5165,679.3752,683.5142
676.4082,666.3338,669.15753,673.2314
657.6018,647.78357,650.5436,654.4986
661.8516,651.9755,654.74994,658.7318
653.948,644.1795,646.9272,650.85913
651.3879,641.6543,644.39325,648.309
657.0013,647.1912,649.9492,653.90045
656.77313,646.9662,649.7234,653.6732
638.0235,628.472,631.16565,634.997
635.82654,626.30493,628.99115,632.80865
624.8067,615.43524,618.08417,621.83203
622.689,613.34644,615.98816,619.72266
616.6006,607.3409,609.962,613.658
602.7513,593.6803,596.25446,599.863
606.4856,597.3637,599.9505,603.5827
594.6549,585.6942,588.2409,591.79834
590.8764,581.96716,584.5011,588.0346
585.29626,576.4631,578.978,582.4763
601.5101,592.456,595.02594,598.62665
616.71375,607.4526,610.07404,613.77075
624.1141,614.7521,617.3986,621.1421
627.81445,618.40204,621.0611,624.828
610.89325,601.71136,604.31305,607.9731
616.8346,607.5717,610.1936,613.8911
613.6199,604.4008,607.0118,610.689
618.6542,609.3666,611.99457,615.7036
637.02356,627.48566,630.17596,634.001
625.3216,615.9431,618.59375,622.3449
608.9163,599.76135,602.3564,606.0039
605.9709,596.8561,599.4411,603.07
615.4542,606.2102,608.8274,612.5162
618.2672,608.98486,611.6116,615.3182
604.69525,595.5978,598.17847,601.7993
600.05475,591.0205,593.5855,597.17706
596.587,587.6,590.1532,593.72284
586.4552,577.60626,580.1251,583.6308
596.54987,587.56335,590.1165,593.6859
609.7822,600.6155,603.21344,606.8664
597.4787,588.47955,591.0358,594.6111
590.3821,581.4796,584.01184,587.54224
599.9481,590.91534,593.48,597.07086
597.34906,588.3517,590.90753,594.48193
592.1783,583.25134,585.7897,589.3314
572.2513,563.59576,566.0666,569.4825
566.0118,557.44135,559.8909,563.26746
584.268,575.44885,577.9604,581.45215
581.4645,572.6835,575.1855,578.6596
573.9037,565.2257,567.7021,571.1284
574.1519,565.4705,567.94775,571.3757
585.3491,576.51526,579.0304,582.52905
605.85486,596.7416,599.32623,602.9544
615.46985,606.2256,608.84283,612.53174
627.22723,617.8228,620.47986,624.24304
623.0117,613.66473,616.30756,620.04407
627.42145,618.0144,620.6721,624.4365
615.6346,606.38806,609.00586,612.6958
625.6278,616.2452,618.89685,622.6499
627.8278,618.4152,621.07434,624.8413
634.067,624.56946,627.2497,631.0561
644.1674,634.5322,637.24677,641.1169
638.8782,629.315,632.0116,635.8483
634.1447,624.64606,627.3266,631.1335
634.1955,624.69617,627.3769,631.1841
636.85144,627.3159,630.0056,633.8295
633.4464,623.9573,626.63544,630.43787
627.2839,617.8787,620.536,624.2995
633.55206,624.06146,626.74,630.5431
634.0871,624.58923,627.2696,631.0761
619.497,610.19794,612.8288,616.54315
612.0738,602.87585,605.48157,609.149
619.7915,610.48834,613.12024,616.8364
612.2551,603.0547,605.6611,609.32965
609.8112,600.64404,603.2421,606.89526
622.02167,612.6882,615.3276,619.05786
625.38464,616.0053,618.6562,622.4077
608.80664,599.65314,602.2478,605.8946
592.11646,583.19037,585.72845,589.26984
594.19403,585.2396,587.7848,591.3393
570.1921,561.5647,564.0285,567.4314
571.93195,563.2808,565.75055,569.1644
585.5094,576.67334,579.189,582.6887
565.9795,557.4095,559.859,563.2353
567.9045,559.3082,561.7643,565.1528
571.6565,563.0091,565.47784,568.89
585.43024,576.5952,579.11066,582.60986
569.275,560.6601,563.1208,566.5179
563.6918,555.1529,557.59467,560.9565
534.46515,526.32446,528.6672,531.84436
539.35803,531.1507,533.51,536.7181
529.3565,521.2854,523.61084,526.75574
530.2654,522.1819,524.5104,527.6611
548.30286,539.97363,542.3632,545.62787
544.18353,535.91046,538.2861,541.5247
552.84186,544.4508,546.8558,550.1491
533.9265,525.79315,528.13403,531.30786
539.2599,531.0539,533.41284,536.62036
540.8081,532.581,534.9452,538.1625
548.44446,540.11334,542.5034,545.7689
544.40247,536.12634,538.50275,541.74274
545.651,537.3579,539.7385,542.9864
553.384,544.98553,547.39233,550.6891
572.4047,563.74713,566.21844,569.6353
565.59076,557.026,559.47424,562.848
557.77423,549.316,551.7377,555.06213
575.30707,566.61,569.0911,572.5263
563.66974,555.13116,557.5729,560.9346
565.87134,557.3028,559.75195,563.12756
573.8088,565.1321,567.60815,571.0339
565.3592,556.7976,559.24506,562.61743
550.694,542.3322,544.7299,548.00964
536.3267,528.1607,530.5097,533.6987
515.6736,507.78888,510.06793,513.12646
510.93335,503.11325,505.37622,508.40482
520.8321,512.87714,515.17365,518.2648
505.76532,498.01562,500.26108,503.25705
505.53775,497.79117,500.03586,503.03036
513.8816,506.02127,508.29425,511.3415
514.1886,506.32413,508.5981,511.64728
524.2013,516.20044,518.50836,521.6208
535.0116,526.86346,529.208,532.3887
534.4742,526.3334,528.6761,531.8534
524.1336,516.13367,518.44135,521.55334
523.58405,515.5916,517.89746,521.0059
520.62274,512.6706,514.96643,518.0562
525.24634,517.23126,519.5427,522.66174
523.1641,515.17737,517.4818,520.58765
524.96985,516.95856,519.2691,522.3863
533.8454,525.7132,528.0538,531.2271
532.5161,524.402,526.7381,529.903
527.0407,519.00116,521.3187,524.44904
515.6954,507.81036,510.08948,513.1482
512.8679,505.02142,507.29095,510.3318
507.85486,500.0767,502.32922,505.33838
520.91724,512.96106,515.2579,518.34955
516.3367,508.443,510.72427,513.787
532.21704,524.107,526.4421,529.6051
538.6175,530.4202,532.77704,535.98047
549.28186,540.93933,543.3323,546.6031
538.9514,530.74963,533.10754,536.3131
541.3781,533.14325,535.5094,538.7303
540.6554,532.43036,534.79407,538.0104
560.8645,552.3642,554.7964,558.1403
573.8267,565.1498,567.6259,571.05176
582.95166,574.1504,576.6574,580.1409
580.4632,571.69586,574.19446,577.66223
580.04333,571.28174,573.77893,577.244
588.0159,579.1457,581.6699,585.1854
588.9846,580.1012,582.62866,586.15027
592.5618,583.62964,586.16925,589.7135
592.4187,583.48846,586.0276,589.5709
592.07495,583.1494,585.6874,589.2285
603.93176,594.8447,597.42285,601.0389
604.12164,595.032,597.6108,601.228
615.76587,606.5176,609.13586,612.8266
619.7298,610.42755,613.0592,616.775
618.87445,609.5838,612.2126,615.92303
612.9831,603.77277,606.38153,610.05475
614.3165,605.088,607.70135,611.38293
606.38574,597.26526,599.85175,603.4833
593.3036,584.3613,586.90344,590.45233
589.58344,580.69183,583.2213,586.7467
591.60126,582.6822,585.21857,588.7567
601.50476,592.4508,595.0207,598.6214
580.3848,571.6186,574.1169,577.58417
576.54895,567.8349,570.32025,573.7633
570.3937,561.7635,564.22797,567.63214
566.2998,557.7254,560.176,563.5543
569.4421,560.8249,563.28613,566.6843
562.63116,554.10675,556.5449,559.9001
564.70435,556.1517,558.5969,561.96515
576.09064,567.3829,569.86664,573.3068
584.418,575.5968,578.1088,581.60156
591.29816,582.3832,584.9185,588.4547
595.012,586.04645,588.59436,592.15405
573.869,565.19147,567.6677,571.0939
574.5957,565.9083,568.387,571.81775
569.55286,560.9342,563.3958,566.7947
560.1294,551.6391,554.0688,557.40814
561.26263,552.75684,555.19037,558.53687
552.85486,544.4636,546.86865,550.16205
544.4646,536.1877,538.5643,541.8046
530.49084,522.4043,524.7335,527.8856
523.4698,515.4788,517.7843,520.8921
518.1724,510.25366,512.54114,515.6155
516.2259,508.33368,510.6146,513.67664
524.3127,516.3103,518.6186,521.7317
517.2555,509.34927,511.63367,514.7022
510.05698,502.2488,504.50882,507.5319
522.43005,514.4533,516.7553,519.8565
538.0498,529.8602,532.21515,535.415
536.7022,528.53107,530.88135,534.0727
528.0553,520.0019,522.32294,525.45966
511.65698,503.827,506.09244,509.1256
504.86697,497.1295,499.37192,502.3622
501.52298,493.8311,496.06216,499.0313
501.86823,494.1716,496.40387,499.3752
515.5176,507.635,509.9135,512.97107
501.67276,493.97882,496.2104,499.1805
515.76575,507.87982,510.15918,513.2183
521.06464,513.1065,515.4038,518.4964
512.2289,504.39108,506.65845,509.69525
504.5066,496.77402,499.01523,502.00323
508.52307,500.73578,502.9906,506.00397
513.6702,505.81284,508.08508,511.13098
524.0381,516.0394,518.3468,521.4582
521.33075,513.369,515.66724,518.7615
517.5036,509.594,511.87924,514.94934
526.4687,518.43695,520.75256,523.8793
526.22894,518.20044,520.51526,523.64044
524.2178,516.21674,518.5247,521.6372
506.5386,498.77835,501.02646,504.02728
503.20032,495.48553,497.72232,500.7021
508.82404,501.03268,503.28848,506.30377
512.1624,504.32556,506.5927,509.6291
517.79047,509.87692,512.16315,515.23505
508.2616,500.47787,502.7318,505.74353
538.8986,530.6975,533.05524,536.2605
545.90497,537.60846,539.9899,543.23944
541.24524,533.01215,535.37787,538.5979
544.0979,535.826,538.20135,541.4394
539.0731,530.8696,533.22797,536.4343
532.3118,524.2005,526.5359,529.6995
537.58075,529.39764,531.7509,534.9478
538.15894,529.9679,532.3231,535.5237
544.862,536.57965,538.95764,542.20056
548.65875,540.3247,542.7155,545.9824
550.7913,542.4282,544.8263,548.1066
544.1115,535.8394,538.21484,541.453
541.73627,533.4965,535.8639,539.08704
561.1539,552.6496,555.08276,558.4285
561.9611,553.44586,555.8818,559.23267
560.4419,551.9473,554.3781,557.7194
548.57007,540.23724,542.62775,545.8941
539.7208,531.50854,533.8691,537.0795
540.1079,531.8903,534.25214,537.465
548.20557,539.8777,542.26697,545.531
543.81134,535.5433,537.9177,541.15393
553.0435,544.6498,547.0554,550.35004
558.8778,550.40454,552.83,556.16144
552.3704,543.9858,546.38916,549.6795
533.41174,525.2854,527.6246,530.7951
526.58655,518.55316,520.8692,523.99664
520.9744,513.0175,515.3145,518.40656
