High_RNN,Low_RNN,Open_RNN,Close_RNN
88.7855,85.69516,87.67757,85.81652
88.77834,85.6879,87.67031,85.80922
88.782585,85.692184,87.67464,85.81356
88.77702,85.686554,87.668976,85.80787
88.776924,85.68645,87.66889,85.80778
88.77472,85.684235,87.666626,85.80552
88.821754,85.731834,87.71448,85.853584
88.79527,85.70506,87.68748,85.8265
88.780594,85.690216,87.672516,85.81148
88.77746,85.687035,87.66932,85.80827
88.7832,85.69283,87.67519,85.814156
88.776344,85.68589,87.66825,85.80717
88.767204,85.67658,87.65907,85.79788
88.76343,85.67261,87.655464,85.79411
88.762634,85.67151,87.65521,85.79352
88.76263,85.67142,87.65534,85.793564
88.763405,85.67229,87.65596,85.79428
88.76356,85.672485,87.65605,85.79441
88.76306,85.67195,87.65561,85.79394
88.76317,85.672035,87.655785,85.794075
88.76166,85.67017,87.65482,85.79276
88.76171,85.670204,87.654915,85.79284
88.76156,85.669945,87.654945,85.79275
88.76138,85.66991,87.65453,85.79248
88.76191,85.67045,87.65505,85.79301
88.7619,85.67044,87.65507,85.793015
88.76318,85.67206,87.6558,85.79411
88.76771,85.6771,87.65959,85.7984
88.80662,85.71657,87.69896,85.838066
88.80877,85.71877,87.70114,85.84026
88.78899,85.69877,87.68098,85.82004
88.7747,85.68432,87.66641,85.80541
88.7675,85.67704,87.65908,85.79806
88.76622,85.67572,87.65782,85.79677
88.764755,85.674194,87.65641,85.7953
88.76324,85.672646,87.65489,85.79377
88.762344,85.67172,87.65404,85.792885
88.76234,85.67158,87.65429,85.792984
88.76313,85.67232,87.65521,85.79384
88.763535,85.67283,87.655464,85.79421
88.76269,85.67196,87.65468,85.7934
88.76255,85.6717,87.65478,85.79337
88.764336,85.67354,87.65653,85.79518
88.763435,85.67251,87.655846,85.79436
88.76373,85.67305,87.655716,85.79447
88.7637,85.672874,87.655846,85.794464
88.7637,85.672935,87.65572,85.79442
88.7668,85.676285,87.65849,85.79742
88.764206,85.67356,87.65603,85.79484
88.76399,85.67344,87.65565,85.79456
88.76307,85.67227,87.65511,85.79378
88.765854,85.675354,87.6575,85.796455
88.763695,85.673096,87.65543,85.794304
88.76381,85.67321,87.655556,85.79441
88.763374,85.672585,87.65545,85.79411
88.76655,85.67607,87.65817,85.79715
88.7643,85.67365,87.65619,85.79499
88.76408,85.67346,87.65589,85.79474
88.762794,85.67206,87.65485,85.79356
88.76229,85.67137,87.65468,85.79319
88.763405,85.67242,87.65582,85.794266
88.76431,85.673515,87.656425,85.79507
88.76333,85.67255,87.65536,85.79402
88.762566,85.671745,87.65465,85.79328
88.76274,85.6718,87.655045,85.79355
88.7634,85.67248,87.65569,85.79422
88.766785,85.6761,87.65876,85.79751
88.76933,85.67885,87.661064,85.80001
88.77242,85.68203,87.66411,85.80311
88.770195,85.679756,87.66185,85.800835
88.76729,85.67681,87.658905,85.79786
88.76658,85.67609,87.65819,85.79714
88.76429,85.67372,87.65597,85.79485
88.763054,85.67253,87.65459,85.79354
88.76229,85.67162,87.65405,85.79286
88.76219,85.6714,87.65418,85.792854
88.76247,85.67161,87.65459,85.79319
88.76285,85.67202,87.655,85.79362
88.76244,85.6712,87.65529,85.79349
88.76217,85.67107,87.654854,85.793175
88.76309,85.6721,87.65555,85.79398
88.766335,85.67562,87.65833,85.797066
88.78271,85.69244,87.67457,85.813614
88.97864,85.89054,87.87461,86.014145
89.04346,85.956,87.940735,86.08047
91.45198,88.40073,90.394,88.55973
93.015434,89.988945,91.97929,90.1727
92.884964,89.85385,91.845345,90.03735
92.86918,89.83827,91.827385,90.02236
92.80588,89.77394,91.76206,89.957504
91.83168,88.78401,90.77004,88.954216
91.344406,88.2902,90.27436,88.45339
91.61464,88.564514,90.548805,88.73182
91.76527,88.717606,90.70166,88.88724
91.80526,88.75821,90.74234,88.92848
91.62399,88.57427,90.55839,88.74157
91.45749,88.40501,90.389404,88.56997
91.7073,88.658875,90.643,88.82773
91.48988,88.43815,90.422325,88.603424
91.88712,88.841606,90.82563,89.01308
91.85738,88.8111,90.79564,88.982346
91.654076,88.60459,90.58898,88.77294
91.582596,88.5323,90.51645,88.69943
93.31112,90.288315,92.27909,90.479324
92.671646,89.63705,91.625465,89.81989
92.283745,89.2428,91.23001,89.42053
92.46777,89.43021,91.41687,89.61077
92.67903,89.645325,91.632576,89.82869
92.43489,89.39684,91.383514,89.576996
92.557915,89.52219,91.50902,89.703835
91.879265,88.832634,90.818054,89.00471
90.74689,87.68547,89.666084,87.84063
90.58468,87.521645,89.500175,87.67479
91.13,88.07413,90.05406,88.235756
92.324554,89.28543,91.268936,89.4652
92.04864,89.00494,90.98916,89.18014
91.54456,88.493614,90.47682,88.66091
91.05221,87.99438,89.97684,88.15391
90.643234,87.5797,89.561646,87.73278
91.18736,88.13184,90.11393,88.29354
90.91835,87.85854,89.84141,88.01567
90.72715,87.664604,89.64724,87.8187
91.29525,88.24141,90.22347,88.40471
91.32054,88.26679,90.24928,88.43044
91.336266,88.28289,90.265045,88.446915
91.46771,88.41641,90.398155,88.58271
91.52118,88.470634,90.45246,88.63777
92.025345,88.98235,90.9652,89.15715
91.94535,88.90108,90.884735,89.07411
92.13718,89.096,91.08003,89.27187
91.58004,88.5295,90.513885,88.69673
91.390114,88.33706,90.3212,88.50111
90.82986,87.76822,89.75283,87.92315
90.82894,87.76751,89.751465,87.92269
90.71268,87.64888,89.63532,87.800896
90.13425,87.06157,89.04884,87.204094
89.83598,86.75947,88.74539,86.89776
89.92778,86.85255,88.83862,86.99218
90.49608,87.42931,89.41504,87.57813
90.50546,87.43849,89.42534,87.58692
90.87909,87.81827,89.80396,87.97307
91.63194,88.58364,90.56539,88.75254
91.85036,88.80534,90.78592,88.97869
91.70252,88.65507,90.63577,88.826355
91.5743,88.52514,90.505135,88.69477
91.95799,88.914925,90.8941,89.09083
92.10021,89.059555,91.03861,89.237206
92.38556,89.348946,91.329575,89.53054
92.256355,89.21749,91.197876,89.39752
92.52857,89.49329,91.47608,89.676834
92.49031,89.454346,91.43724,89.63751
92.29649,89.25798,91.240135,89.437805
91.07333,88.01438,90.00145,88.17275
92.10688,89.06641,91.044655,89.24443
92.63728,89.60265,91.58638,89.787964
93.99845,90.9879,92.98258,91.191895
94.13818,91.13858,93.13155,91.3443
94.34195,91.33829,93.335625,91.54561
94.346306,91.33911,93.337875,91.54588
94.4133,91.408905,93.40796,91.61611
93.89334,90.876724,92.87248,91.07738
94.10774,91.09824,93.09468,91.30063
94.128586,91.121216,93.11722,91.324356
94.07394,91.065636,93.06166,91.26934
94.420265,91.41819,93.41528,91.627525
94.41286,91.40957,93.40726,91.61832
94.23693,91.227684,93.22558,91.4332
94.37031,91.36418,93.362595,91.57175
94.59974,91.60111,93.60027,91.81181
94.403275,91.39608,93.39564,91.603905
93.9302,90.91207,92.90868,91.11472
94.16601,91.15419,93.15158,91.359146
94.090256,91.07616,93.07296,91.280594
94.43122,91.42604,93.42477,91.63446
94.47931,91.47478,93.47396,91.68395
94.968285,91.97933,93.98129,92.194244
94.9251,91.931175,93.93358,92.14598
94.679115,91.675514,93.67709,91.887695
94.59411,91.59002,93.59214,91.79954
94.6831,91.682365,93.684555,91.893196
94.77402,91.77308,93.77539,91.98617
95.273476,92.291115,94.29576,92.50843
95.07777,92.08284,94.087654,92.29983
94.76143,91.7579,93.761116,91.97102
95.047356,92.052666,94.057816,92.267685
94.93884,91.939125,93.94417,92.153564
94.90639,91.90665,93.91106,92.12067
94.51732,91.50781,93.50992,91.71769
94.36479,91.35304,93.35394,91.56084
93.980354,90.96162,92.95986,91.16502
94.23258,91.21875,93.21869,91.424805
94.0791,91.06217,93.061485,91.2663
94.41049,91.401215,93.402596,91.60916
94.23738,91.22392,93.22433,91.42992
93.745895,90.72339,92.720436,90.923256
94.011536,90.99344,92.99171,91.19689
94.167435,91.152985,93.15252,91.357925
94.43404,91.42451,93.42465,91.63387
94.33558,91.323555,93.324066,91.53134
95.12424,92.13383,94.1387,92.35133
95.43324,92.45522,94.46147,92.67422
95.160355,92.16564,94.1723,92.3828
94.47639,91.46696,93.46864,91.67606
93.675934,90.65357,92.64933,90.851906
93.753105,90.73126,92.72794,90.93112
93.919106,90.89996,92.89557,91.1025
93.37251,90.34677,92.33581,90.54126
93.14174,90.11247,92.10068,90.3042
93.102684,90.07233,92.061485,90.26387
93.38704,90.36057,92.35171,90.555695
92.89548,89.8641,91.848366,90.0514
93.09704,90.06694,92.055534,90.25816
92.69484,89.66393,91.64003,89.84507
92.91002,89.87816,91.86413,90.06645
92.77303,89.740906,91.722595,89.92558
92.92492,89.89402,91.87844,90.0817
93.46615,90.443214,92.431694,90.63869
93.21248,90.18694,92.16988,90.376724
93.091,90.06194,92.048065,90.25217
92.808365,89.77725,91.7579,89.9619
93.72184,90.701096,92.69461,90.90101
93.88911,90.872246,92.86528,91.07434
94.14642,91.132454,93.12944,91.338234
94.24085,91.228516,93.22508,91.43552
93.22823,90.20504,92.182816,90.392235
92.7105,89.679184,91.65688,89.86155
92.44365,89.412155,91.38078,89.58702
92.506226,89.47066,91.45096,89.65237
92.49567,89.4605,91.43937,89.641266
92.68423,89.651115,91.632095,89.83464
92.54895,89.514626,91.49353,89.695595
92.52896,89.49456,91.4728,89.675125
92.77871,89.74686,91.728615,89.93177
93.151115,90.12447,92.10891,90.31472
92.82769,89.800476,91.772835,89.98097
92.87314,89.84232,91.82472,90.028694
93.06353,90.03519,92.01951,90.2245
92.79216,89.76189,91.74027,89.94527
92.76404,89.73164,91.71379,89.91686
92.96494,89.93505,91.919136,90.1232
92.99111,89.962616,91.94414,90.149574
92.72394,89.69291,91.67038,89.87515
93.450935,90.426796,92.41701,90.62274
93.425865,90.40248,92.38984,90.5971
93.161285,90.13335,92.119774,90.32471
93.02464,89.99418,91.98134,90.18437
92.61387,89.579,91.561386,89.76301
92.733406,89.7001,91.683235,89.88557
93.067375,90.03844,92.02445,90.22856
93.30904,90.28389,92.27098,90.477234
93.65646,90.636986,92.62709,90.83568
93.87052,90.85442,92.845955,91.0562
93.92061,90.904144,92.896416,91.1064
94.064514,91.05085,93.044876,91.25551
94.13067,91.118515,93.1124,91.32411
93.85088,90.833435,92.82479,91.03435
94.05944,91.04534,93.03941,91.24988
94.07021,91.05674,93.04984,91.26108
94.09489,91.081024,93.07444,91.28543
93.95641,90.94025,92.93221,91.14225
93.88817,90.87056,92.862656,91.0719
94.24713,91.236374,93.232895,91.44355
94.3606,91.35268,93.34884,91.56163
94.171455,91.15831,93.15186,91.36336
94.33874,91.3287,93.325165,91.53708
94.23322,91.22143,93.21645,91.42793
93.91095,90.89262,92.8872,91.09493
94.26992,91.258575,93.256935,91.4653
94.03822,91.0218,93.018654,91.225555
94.00669,90.98962,92.98661,91.192505
94.02053,91.003456,93.0005,91.206924
94.16788,91.154465,93.15041,91.360245
94.551315,91.5477,93.54596,91.75966
94.66845,91.66804,93.66469,91.88165
94.75334,91.75462,93.752754,91.96959
94.941055,91.94915,93.949135,92.166916
94.616486,91.611855,93.60878,91.823845
94.590454,91.58498,93.58283,91.7967
94.86627,91.8667,93.868065,92.08239
93.58101,90.56588,92.53944,90.7549
93.46527,90.439224,92.4316,90.63605
93.115654,90.08758,92.072205,90.277275
92.912865,89.88162,91.866234,90.06935
92.67744,89.646774,91.62186,89.82728
92.73923,89.70601,91.68889,89.89119
92.81651,89.78428,91.767715,89.97027
92.7308,89.69893,91.67847,89.88198
92.735176,89.702354,91.68412,89.88662
92.70627,89.67211,91.655846,89.85699
92.932205,89.90055,91.88715,90.08898
92.97747,89.94791,91.931404,90.135475
93.199326,90.17223,92.15875,90.36362
93.04531,90.01782,91.99869,90.20475
92.98707,89.95762,91.94082,90.14518
92.91299,89.881935,91.86614,90.0693
93.042076,90.01212,91.99876,90.20201
92.849045,89.81762,91.8005,90.003716
92.810745,89.77825,91.762,89.96456
92.67531,89.64327,91.6213,89.82517
92.890915,89.8595,91.84413,90.04692
92.74754,89.71601,91.69558,89.89941
93.28915,90.26289,92.25142,90.45643
93.4295,90.40599,92.394104,90.60097
93.333015,90.307884,92.294975,90.50121
93.66332,90.64264,92.63408,90.8416
93.74791,90.72879,92.7198,90.92856
93.66927,90.64869,92.63914,90.847244
93.564575,90.54178,92.53234,90.73915
93.29944,90.273315,92.260826,90.46658
93.19452,90.16723,92.15331,90.35862
93.24404,90.217094,92.20446,90.409584
93.582405,90.5606,92.55098,90.75812
93.53747,90.51592,92.50334,90.711685
93.17768,90.151276,92.13488,90.341286
93.167175,90.13975,92.12522,90.33059
93.21124,90.18431,92.17008,90.37558
93.16782,90.140495,92.12565,90.331085
92.88862,89.85853,91.83965,90.04436
92.44596,89.4133,91.384796,89.58989
92.50348,89.467896,91.44813,89.64961
92.54614,89.51205,91.49049,89.69311
92.52285,89.48845,91.46671,89.66912
92.57027,89.53672,91.51468,89.71763
92.0649,89.04096,90.97732,89.193504
92.09886,89.06076,91.032875,89.23398
92.46891,89.43368,91.41194,89.613945
92.5262,89.49262,91.46916,89.6723
92.65839,89.62631,91.60412,89.80797
92.7212,89.68992,91.66834,89.87249
92.61271,89.58241,91.55427,89.7604
92.691345,89.65914,91.63829,89.84205
92.65194,89.62057,91.59643,89.80122
93.00555,89.976494,91.96065,90.16516
93.31366,90.28948,92.27525,90.48244
93.445625,90.42319,92.41042,90.618256
93.33488,90.310425,92.29657,90.50362
93.50908,90.48639,92.476,90.68314
93.61269,90.59178,92.581665,90.78979
94.13804,91.12751,93.1219,91.33409
94.18992,91.18048,93.17343,91.387115
94.2404,91.23152,93.22568,91.43916
94.14633,91.13522,93.12808,91.34097
94.29176,91.28388,93.27854,91.49226
94.25587,91.24731,93.24055,91.45461
94.29007,91.281525,93.27563,91.48931
94.42235,91.41741,93.41275,91.627686
94.62255,91.621315,93.6188,91.83474
95.30234,92.31896,94.322754,92.541595
95.37652,92.399475,94.40237,92.62283
95.48244,92.50186,94.506256,92.72701
95.34288,92.35576,94.360825,92.577805
95.288086,92.299576,94.304306,92.52064
95.535995,92.55919,94.564445,92.78354
95.52779,92.54856,94.553604,92.77278
95.61399,92.63612,94.64249,92.86092
95.676575,92.702034,94.70816,92.92771
95.70588,92.731186,94.73812,92.95661
95.668495,92.692604,94.699425,92.916855
95.69544,92.71886,94.72626,92.94336
95.598236,92.616875,94.624016,92.84045
95.65862,92.681816,94.68889,92.905106
95.60775,92.62811,94.63513,92.850975
95.55938,92.57636,94.58369,92.7987
95.50629,92.5209,94.52803,92.74288
95.53615,92.55174,94.5593,92.77364
95.461075,92.47348,94.48093,92.69483
95.25087,92.25737,94.263535,92.47658
95.34576,92.35598,94.36256,92.57588
95.392845,92.405624,94.41204,92.62612
95.354256,92.363365,94.37014,92.58406
95.220695,92.22625,94.23209,92.44544
95.23485,92.24191,94.2478,92.46078
95.40455,92.42002,94.42643,92.63962
95.63087,92.65809,94.664055,92.881165
95.64586,92.670525,94.67681,92.89465
95.51052,92.52538,94.532265,92.748665
95.034904,92.03583,94.03968,92.25379
95.33343,92.34507,94.3508,92.56578
94.95555,91.95446,93.95799,92.17126
95.0005,92.002106,94.00612,92.218864
95.31087,92.32374,94.32883,92.54464
95.203224,92.21025,94.21453,92.43055
95.08919,92.09351,94.09725,92.31207
95.247,92.2573,94.26223,92.47726
95.418785,92.43618,94.44137,92.658646
95.68383,92.71522,94.72089,92.94091
95.63587,92.65738,94.662964,92.88461
95.25218,92.26011,94.263435,92.48193
95.50683,92.52681,94.53141,92.75206
95.50867,92.52627,94.52968,92.752686
95.3203,92.33074,94.33265,92.554016
95.35905,92.370575,94.375305,92.59374
95.25477,92.261986,94.26811,92.48201
95.30926,92.32021,94.32644,92.54007
95.241844,92.25033,94.25614,92.46986
95.31006,92.32062,94.324326,92.54357
95.16644,92.17301,94.17414,92.39377
95.54263,92.56556,94.5693,92.793526
95.389626,92.40241,94.404686,92.627235
95.37859,92.39224,94.394295,92.61695
95.1612,92.167046,94.167244,92.38722
95.22553,92.23449,94.23586,92.45619
95.28046,92.29041,94.29213,92.513084
95.831894,92.86423,94.86986,93.09646
95.81903,92.84697,94.85117,93.078865
95.630455,92.64731,94.65233,92.87471
95.68121,92.70112,94.70736,92.9289
95.96986,93.00548,95.01199,93.23785
95.78744,92.80814,94.81479,93.03729
95.56994,92.58378,94.589066,92.80951
95.50519,92.517296,94.52253,92.74208
95.53738,92.55065,94.55665,92.77587
95.16276,92.16566,94.167465,92.384964
95.03541,92.03501,94.03723,92.25242
94.46465,91.4539,93.45045,91.66248
94.1851,91.1689,93.16562,91.374245
94.0478,91.02944,93.025406,91.23296
94.724075,91.71685,93.71951,91.930374
94.96733,91.96672,93.97049,92.18386
94.626945,91.617775,93.619545,91.82991
93.82492,90.80561,92.79608,91.004776
93.596016,90.57224,92.56369,90.76943
93.40034,90.37659,92.36113,90.56843
93.95021,90.93179,92.92631,91.13403
94.11842,91.10371,93.09658,91.30717
94.25953,91.246185,93.242165,91.45266
93.963196,90.94496,92.93865,91.14703
94.10301,91.08624,93.08261,91.2909
94.139404,91.12364,93.11963,91.328674
93.962715,90.94368,92.93935,91.14655
93.94905,90.92957,92.92587,91.13237
94.54127,91.53317,93.53408,91.74437
94.45058,91.4407,93.43911,91.6505
93.998726,90.981064,92.975006,91.183815
93.66741,90.64495,92.63671,90.843216
93.6364,90.61323,92.60548,90.8113
94.1041,91.08815,93.08426,91.29299
94.06114,91.0453,93.03882,91.24872
94.50198,91.4937,93.49237,91.70459
94.69214,91.68899,93.687645,91.90284
95.16767,92.17862,94.18113,92.40094
95.14815,92.15652,94.15785,92.377975
95.42204,92.43799,94.44291,92.66317
95.410065,92.42483,94.42959,92.649704
95.27767,92.28681,94.29047,92.5095
95.06953,92.072136,94.07473,92.29114
95.14112,92.14684,94.14977,92.367195
95.26801,92.27801,94.28248,92.499916
95.13829,92.14394,94.148766,92.362885
94.96879,91.969734,93.97351,92.18622
94.90883,91.9083,93.911194,92.124245
95.07227,92.07657,94.07992,92.295166
94.89104,91.8902,93.89282,92.105736
94.77974,91.775764,93.777626,91.98982
94.50495,91.49528,93.494095,91.70538
94.981964,91.98326,93.98646,92.20041
94.935776,91.93641,93.93712,92.15295
95.09603,92.10003,94.10318,92.31907
95.58068,92.60146,94.60734,92.82789
95.68478,92.70765,94.71304,92.935646
95.664764,92.683495,94.6898,92.91071
95.777214,92.80163,94.808205,93.03042
95.822586,92.847275,94.85503,93.07567
95.8581,92.88584,94.89396,93.11391
95.741745,92.76261,94.77051,92.989334
95.81534,92.84024,94.84812,93.06749
95.79908,92.820595,94.8283,93.04861
95.882744,92.90931,94.91668,93.13842
96.37913,93.428,95.437065,93.66378
96.393845,93.44348,95.4518,93.679016
96.52648,93.581894,95.59208,93.81632
96.56857,93.61558,95.628296,93.85005
96.096275,93.11851,95.13088,93.34955
95.31598,92.32009,94.326126,92.54189
95.39762,92.40366,94.411705,92.6256
95.35473,92.359276,94.36684,92.58087
95.4249,92.432144,94.44021,92.65429
95.43466,92.44334,94.45115,92.66542
95.414955,92.423065,94.42959,92.645706
95.725525,92.74354,94.7511,92.971245
95.77908,92.799034,94.80591,93.02798
95.708626,92.727,94.732956,92.955086
95.85216,92.87771,94.88502,93.10759
95.97586,93.00583,95.01353,93.23769
95.98983,93.0201,95.02925,93.25024
95.868706,92.89394,94.9031,93.12186
95.96048,92.991066,95.000046,93.22012
96.11606,93.1539,95.162895,93.38519
96.201706,93.24248,95.25173,93.47475
96.233444,93.2745,95.28423,93.5066
96.239174,93.27885,95.28842,93.51184
96.17208,93.20608,95.216095,93.43804
96.23523,93.27415,95.28412,93.506004
96.13638,93.16843,95.17855,93.39951
96.43724,93.48758,95.49762,93.721344
96.21724,93.25105,95.2608,93.484314
96.172195,93.20533,95.215,93.43757
96.17768,93.21085,95.22029,93.4437
96.34974,93.39162,95.40079,93.627525
96.44127,93.48762,95.49644,93.725655
96.57708,93.63082,95.64028,93.870476
96.63182,93.690926,95.7009,93.92965
96.68655,93.74682,95.757614,93.98496
96.722916,93.78285,95.794235,94.020645
96.785385,93.85074,95.86254,94.08695
96.81001,93.87583,95.88632,94.11583
96.88203,93.94945,95.96047,94.19204
96.64897,93.69894,95.71081,93.93766
96.080894,93.10513,95.11489,93.337425
96.09318,93.11915,95.12932,93.35079
95.85751,92.87414,94.883064,93.103096
95.642654,92.6538,94.66183,92.87978
95.67315,92.68462,94.69454,92.91024
95.79265,92.80934,94.82049,93.03507
96.012375,93.03944,95.05135,93.26654
96.00232,93.029396,95.040634,93.25708
96.00689,93.03255,95.04367,93.26121
96.25575,93.29453,95.30589,93.52534
96.07812,93.10501,95.115005,93.336655
96.089874,93.11581,95.12577,93.34817
95.928604,92.94877,94.95689,93.17938
95.82719,92.8446,94.85132,93.07388
95.900696,92.92102,94.92866,93.1515
95.84947,92.868286,94.875206,93.09815
95.92085,92.94235,94.95013,93.17343
95.85448,92.87418,94.88169,93.10438
96.27703,93.31817,95.32741,93.555336
96.34289,93.38396,95.39219,93.6229
96.44745,93.49341,95.50316,93.73275
96.568855,93.62138,95.63111,93.86275
96.505005,93.55196,95.56155,93.79243
97.04727,94.1293,96.14072,94.37605
97.29701,94.3949,96.40551,94.64247
97.30079,94.39325,96.40487,94.63657
97.3738,94.4605,96.47514,94.70344
97.95941,95.08193,97.09984,95.3306
98.08566,95.269035,97.27177,95.5246
98.30847,95.494934,97.50135,95.742256
98.50861,95.704956,97.712715,95.94758
98.69878,95.909195,97.91688,96.14901
98.623825,95.81015,97.82231,96.05101
98.68715,95.86419,97.87987,96.10616
98.66125,95.82807,97.845695,96.07073
98.5954,95.74626,97.76682,95.98727
98.56496,95.70894,97.73098,95.949776
98.566444,95.70729,97.73023,95.94715
98.61448,95.75924,97.7822,95.99814
98.684425,95.83971,97.86124,96.07838
98.24515,95.33768,97.36625,95.581184
98.31729,95.42981,97.45531,95.67192
98.36851,95.48909,97.51331,95.7312
98.57215,95.717445,97.73914,95.95554
98.719795,95.87401,97.89622,96.10844
98.895615,96.070755,98.09043,96.30234
99.307106,96.520706,98.53702,96.74629
99.35616,96.58209,98.59485,96.80978
99.489006,96.72204,98.73431,96.951485
99.40355,96.6024,98.6204,96.84017
99.37995,96.58362,98.60021,96.820564
99.50893,96.731094,98.74555,96.963425
99.62981,96.874146,98.88506,97.10207
99.48945,96.69576,98.712944,96.93013
99.53552,96.75598,98.77071,96.98695
99.60922,96.83303,98.84813,97.06214
98.99217,96.09576,98.130035,96.3488
98.58283,95.65671,97.694016,95.91056
98.72019,95.82685,97.859116,96.069214
98.757866,95.861435,97.89586,96.10552
98.58841,95.6669,97.70504,95.91719
98.53368,95.61049,97.647934,95.861115
98.81732,95.93022,97.96413,96.17187
98.8137,95.91709,97.95256,96.163704
98.91901,96.04015,98.073395,96.281815
98.94018,96.055534,98.09007,96.29988
99.117645,96.252846,98.28614,96.491066
98.92846,96.03093,98.06852,96.27617
98.470894,95.536156,97.575584,95.78903
98.552124,95.63401,97.670876,95.879776
98.18028,95.22911,97.26865,95.48307
98.006645,95.05491,97.091934,95.30549
97.83026,94.87268,96.90877,95.12212
98.01771,95.07801,97.11248,95.3235
97.91927,94.96876,97.00431,95.217705
98.15641,95.22666,97.26091,95.47186
98.33761,95.42401,97.45716,95.66742
98.37992,95.466606,97.49975,95.71251
98.61533,95.726715,97.757774,95.96815
98.74497,95.85381,97.88661,96.099304
99.01474,96.1379,98.17103,96.38398
99.14703,96.26764,98.30314,96.51563
99.32451,96.468475,98.50176,96.709724
99.40632,96.55434,98.58751,96.796486
99.43694,96.578354,98.61322,96.82321
99.50937,96.6468,98.68362,96.89363
99.675575,96.818855,98.8578,97.05908
98.7541,95.81061,97.855774,96.07345
98.61712,95.68598,97.726295,95.93792
98.43979,95.5054,97.54383,95.75689
98.49869,95.58305,97.61818,95.83025
98.2625,95.33066,97.36575,95.5801
98.260345,95.33533,97.36889,95.58235
98.301575,95.378136,97.41171,95.62586
98.170135,95.23995,97.27314,95.488
98.22244,95.30088,97.33301,95.54646
98.23014,95.31212,97.343254,95.558205
98.203705,95.281075,97.312515,95.52878
98.09422,95.16323,97.194984,95.41135
97.728,94.77784,96.809006,95.026146
97.78386,94.8415,96.872246,95.08748
97.99235,95.06612,97.0959,95.31343
98.00899,95.08207,97.11181,95.330826
98.19463,95.27814,97.309,95.52364
97.83725,94.89168,96.9236,95.1415
97.709465,94.760315,96.79164,95.00756
97.56307,94.60953,96.63981,94.855804
98.00878,95.091385,97.12048,95.33359
98.08294,95.16335,97.193146,95.4094
98.0052,95.07537,97.10624,95.32253
97.867355,94.92831,96.95933,95.17587
97.730354,94.78756,96.81737,95.03457
97.835594,94.90582,96.93357,95.15457
98.07432,95.1661,97.19099,95.42031
98.48272,95.602135,97.62649,95.85862
98.42032,95.51918,97.54571,95.77932
98.153885,95.22576,97.25429,95.485504
98.17649,95.25274,97.28254,95.50848
98.3886,95.4846,97.514015,95.7377
98.20564,95.282524,97.31311,95.536705
98.266365,95.35382,97.38367,95.60447
98.280334,95.370285,97.39989,95.619934
98.389534,95.492195,97.52083,95.73961
98.123146,95.200836,97.23075,95.44988
97.99096,95.063,97.0924,95.31073
97.81874,94.88311,96.91154,95.1304
97.99405,95.07464,97.102234,95.320724
98.338974,95.44712,97.47403,95.69226
98.3282,95.43098,97.45788,95.676834
98.21881,95.31262,97.33974,95.55728
97.95298,95.02778,97.05559,95.27253
98.00576,95.09056,97.11758,95.33339
98.55858,95.68791,97.71406,95.92828
98.80164,95.94383,97.96901,96.188034
99.10395,96.26284,98.28941,96.49978
98.94643,96.07627,98.1069,96.31794
98.934715,96.06732,98.09755,96.30834
98.86446,95.988884,98.01927,96.23397
99.28072,96.44754,98.475525,96.68211
99.3986,96.57731,98.6032,96.81324
99.42674,96.59446,98.62349,96.8313
99.28138,96.429726,98.46116,96.67015
99.59499,96.78202,98.81008,97.01295
99.58996,96.776955,98.80387,97.012054
99.63782,96.82268,98.85134,97.05574
99.73259,96.91356,98.94461,97.14747
99.81525,97.00044,99.03193,97.232666
99.86575,97.0544,99.08578,97.286545
99.63077,96.783394,98.819405,97.02273
99.611694,96.7758,98.80929,97.01287
99.3032,96.42137,98.45973,96.670006
99.34428,96.46971,98.50758,96.714195
99.424194,96.55958,98.59661,96.80189
99.40551,96.54191,98.57816,96.785576
100.20515,97.37743,99.4194,97.60763
100.374954,97.58806,99.620514,97.81506
100.67668,97.88697,99.92584,98.10423
100.84401,98.06334,100.10195,98.2781
100.87533,98.10563,100.14113,98.319824
100.98371,98.22448,100.258385,98.43632
100.8895,98.118065,100.153175,98.336464
101.05965,98.3027,100.33649,98.517136
101.25249,98.51819,100.5484,98.72799
101.02545,98.249954,100.28649,98.474434
100.96642,98.18897,100.224785,98.416145
100.92664,98.13948,100.177155,98.37069
100.919014,98.13949,100.17563,98.36738
100.801834,98.011024,100.04775,98.24337
101.01058,98.25102,100.283134,98.47466
100.799286,98.00103,100.0387,98.23985
100.76537,97.963005,100.00154,98.20136
101.0979,98.335175,100.3697,98.55898
101.13215,98.370415,100.40476,98.59719
101.24901,98.49823,100.531136,98.72242
101.69001,98.969444,101.00051,99.18481
101.49913,98.75422,100.78805,98.98102
101.01832,98.16564,100.21794,98.432785
100.87394,98.0279,100.07799,98.28329
100.65556,97.7848,99.83891,98.047714
100.45536,97.56231,99.62032,97.83183
100.421906,97.543045,99.59902,97.7983
100.543686,97.69567,99.74808,97.93439
100.714745,97.88187,99.9341,98.11389
100.82442,97.990456,100.045425,98.22241
100.87963,98.03964,100.09689,98.276184
100.91378,98.06502,100.12479,98.30719
100.972015,98.125626,100.18566,98.36768
101.09596,98.26202,100.32095,98.49834
101.40493,98.58597,100.64471,98.81918
101.73948,98.95052,101.00427,99.180214
101.71229,98.906204,100.9646,99.143524
101.53057,98.700356,100.763504,98.944565
101.43818,98.60638,100.66874,98.84952
101.39738,98.56497,100.626976,98.808014
101.38135,98.547035,100.609314,98.790596
101.31918,98.47589,100.53979,98.72256
101.23195,98.37809,100.44436,98.62681
101.167175,98.31,100.376595,98.557846
101.47371,98.65765,100.718925,98.88516
101.92594,99.13594,101.19496,99.36
102.17812,99.409424,101.46426,99.63277
102.43753,99.698326,101.74595,99.91896
102.56452,99.83969,101.8844,100.059586
102.55649,99.82791,101.873085,100.05116
102.49805,99.760895,101.806915,99.990036
102.59047,99.85148,101.89941,100.08159
103.00514,100.27341,102.325775,100.50161
103.04595,100.317406,102.36969,100.5464
103.20348,100.47153,102.52708,100.70294
103.180275,100.442474,102.49914,100.67847
103.327225,100.590485,102.64921,100.82638
103.68268,100.95386,103.016235,101.18842
103.91058,101.18247,103.24877,101.419365
103.83869,101.09806,103.16665,101.34269
104.016365,101.26954,103.34256,101.51864
104.15922,101.40755,103.48436,101.66165
104.23476,101.48096,103.55986,101.739235
104.01602,101.257866,103.33386,101.518715
104.12382,101.370155,103.44679,101.629974
104.03854,101.27443,103.35199,101.53943
102.44082,99.46012,101.578705,99.84359
101.344185,98.35105,100.46464,98.71393
101.29872,98.33808,100.43386,98.65301
101.11202,98.14086,100.23707,98.47199
100.569336,97.58421,99.678085,97.9189
100.918945,97.9513,100.041885,98.26535
101.134186,98.19248,100.28112,98.49721
101.33436,98.40207,100.49061,98.70563
101.55368,98.64262,100.72947,98.933876
101.877884,98.99095,101.07745,99.26967
101.8802,98.98436,101.072624,99.27281
102.08661,99.20063,101.29055,99.48321
102.27881,99.40153,101.492744,99.68081
102.27134,99.384705,101.478584,99.673294
102.63358,99.771614,101.86454,100.046104
102.92045,100.080246,102.16992,100.349915
102.47744,99.58421,101.68241,99.884964
102.27491,99.35194,101.45538,99.66522
101.88971,98.931435,101.03878,99.26655
102.06634,99.13404,101.23528,99.44292
102.39471,99.50052,101.59668,99.79162
102.64935,99.76623,101.86345,100.05649
102.850296,99.97081,102.07197,100.26031
103.187996,100.31893,102.42294,100.6072
103.75876,100.9332,103.029106,101.213524
103.8693,101.06131,103.15172,101.34065
103.34376,100.48572,102.58089,100.79272
103.44453,100.603745,102.69473,100.89762
103.51806,100.68875,102.777794,100.97829
103.19088,100.330215,102.42264,100.63502
102.47801,99.50851,101.621445,99.879715
102.24898,99.29146,101.39916,99.63647
102.24873,99.321045,101.423294,99.636856
101.62642,98.62418,100.7367,98.995766
101.184044,98.173996,100.28151,98.54353
101.46133,98.503876,100.602806,98.818275
100.91902,97.91354,100.01379,98.27724
100.789345,97.78914,99.885284,98.1396
101.096405,98.152084,100.240204,98.45529
100.72987,97.75548,99.84393,98.08385
100.690994,97.7312,99.81492,98.04344
100.748604,97.81299,99.892334,98.10578
100.76883,97.849304,99.924866,98.133446
100.45975,97.506065,99.58439,97.81297
100.69254,97.764206,99.840675,98.050644
101.270905,98.35275,100.43669,98.639534
101.32693,98.33436,100.43459,98.68327
101.54113,98.58728,100.68202,98.904274
101.46932,98.53578,100.62392,98.841385
101.51792,98.62149,100.701515,98.901024
102.042595,99.186165,101.26474,99.445625
101.937256,99.06734,101.14693,99.34176
102.203354,99.348564,101.42862,99.61084
101.889175,98.99643,101.08206,99.28181
101.764336,98.85854,100.945465,99.14675
100.8189,97.82748,99.92134,98.17702
100.75725,97.79007,99.87591,98.10564
101.15947,98.25904,100.33665,98.529015
101.06266,98.14188,100.22086,98.43327
100.89992,97.95197,100.03493,98.261856
101.05208,98.14787,100.223114,98.4207
100.79696,97.86992,99.94612,98.15912
100.70623,97.7803,99.8545,98.065674
101.05125,98.17698,100.24492,98.42979
101.35208,98.49229,100.56112,98.74328
101.42019,98.55047,100.62232,98.81101
101.985275,99.15834,101.228294,99.39661
102.31201,99.51561,101.58208,99.74458
102.30993,99.49873,101.569435,99.73688
102.338646,99.52039,101.59341,99.76259
101.8438,98.97594,101.0548,99.24224
101.7876,98.92627,101.00465,99.18198
101.76818,98.91318,100.990524,99.163994
101.572334,98.69564,100.775505,98.95812
101.82663,98.98017,101.05625,99.22626
101.70971,98.84097,100.92037,99.10404
101.881,99.02715,101.10613,99.281044
101.834854,98.974464,101.05459,99.23329
101.775894,98.91767,100.99612,99.17374
101.54257,98.64869,100.7329,98.92383
101.67393,98.80319,100.883835,99.062485
102.05739,99.20209,101.2833,99.45739
102.797775,99.99537,102.06984,100.241844
103.479416,100.7236,102.79228,100.963585
103.52141,100.75437,102.826515,101.00497
103.42005,100.63777,102.71184,100.89684
103.20681,100.411446,102.484985,100.67658
103.16433,100.37101,102.44288,100.63455
103.3108,100.5275,102.598854,100.78712
103.48439,100.7078,102.78012,100.96649
103.4598,100.67597,102.74955,100.94024
103.699936,100.92269,102.998375,101.184906
103.64948,100.86768,102.94374,101.13386
104.084366,101.31504,103.39542,101.577576
104.03433,101.25897,103.340324,101.526215
104.15147,101.37302,103.45712,101.64269
103.74246,100.94671,103.02793,101.22499
103.75089,100.959175,103.039474,101.2341
103.12197,100.27757,102.36011,100.57989
103.0526,100.2226,102.30057,100.51315
102.82529,99.974846,102.05464,100.27483
102.947624,100.11674,102.19439,100.40294
103.09112,100.26023,102.341064,100.54819
103.24993,100.43242,102.512436,100.71362
102.872635,100.01025,102.096085,100.31706
103.29026,100.47473,102.554504,100.75221
103.55607,100.75237,102.83343,101.0298
103.88872,101.08742,103.17347,101.36968
103.96551,101.15816,103.24736,101.448074
104.05374,101.246956,103.337326,101.53763
104.62201,101.83491,103.929726,102.12044
104.76501,101.97882,104.07622,102.26842
104.56443,101.76903,103.86469,102.06365
104.73319,101.943726,104.04023,102.234886
104.718994,101.93092,104.02662,102.22345
104.39764,101.59103,103.68557,101.8937
104.433655,101.628006,103.72276,101.92888
104.671165,101.86979,103.96779,102.16814
105.44779,102.65597,104.76867,102.9548
105.996635,103.21903,105.336975,103.52068
106.159645,103.38086,105.500916,103.68549
105.649635,102.828354,104.94895,103.154305
105.277435,102.44925,104.56517,102.77319
105.18986,102.36871,104.480965,102.687294
105.40119,102.588326,104.70226,102.90562
105.68202,102.87242,104.99087,103.19295
105.81123,102.99991,105.12141,103.32545
105.802795,102.9916,105.11254,103.31783
106.20835,103.406525,105.53265,103.73088
106.03147,103.23165,105.3536,103.553986
106.099335,103.30362,105.425354,103.62431
105.79696,102.99105,105.11007,103.31608
105.81232,103.005135,105.12461,103.330864
106.030495,103.225945,105.34866,103.552704
105.51564,102.677246,104.80121,103.02111
105.36017,102.510574,104.635574,102.85658
105.19084,102.32422,104.45242,102.67691
105.4585,102.60415,104.73325,102.9504
105.41202,102.54903,104.68067,102.901764
105.50384,102.64884,104.77952,102.996956
105.45332,102.60068,104.7298,102.947334
105.731316,102.90678,105.03055,103.240746
106.08439,103.285034,105.40747,103.611176
105.77491,102.96484,105.0843,103.29712
106.23847,103.44438,105.56675,103.7708
105.997734,103.19271,105.3138,103.52602
105.60101,102.75772,104.88469,103.10691
105.17673,102.2766,104.41812,102.64658
104.71787,101.78047,103.928665,102.158585
104.39396,101.42748,103.58295,101.81207
104.28761,101.32252,103.47777,101.6972
104.26744,101.315506,103.46711,101.67786
104.51938,101.6077,103.75093,101.94457
104.099785,101.14788,103.29598,101.51392
104.2347,101.304245,103.44889,101.649
104.18324,101.25232,103.39607,101.60155
103.87451,100.91293,103.0604,101.28172
103.92662,100.985016,103.1282,101.332596
104.03704,101.11332,103.252945,101.45143
104.4898,101.60166,103.73684,101.92285
103.99859,101.06206,103.20302,101.41575
104.169586,101.254745,103.393814,101.59113
104.5249,101.63069,103.7694,101.95587
104.52293,101.63041,103.76785,101.959785
104.82073,101.94676,104.08206,102.2684
104.6565,101.7805,103.9134,102.10487
104.75431,101.8892,104.018776,102.20829
104.70758,101.8429,103.96993,102.16543
104.8929,102.04523,104.16741,102.36379
104.18726,101.257744,103.395004,101.62572
103.90572,100.95446,103.09675,101.32417
103.56847,100.59748,102.741066,100.97383
103.43788,100.46653,102.608665,100.83687
102.65794,99.633,101.77514,100.055435
102.56219,99.54203,101.67762,99.94498
102.85053,99.89834,102.02285,100.239334
102.73933,99.783516,101.90387,100.137596
103.24506,100.33399,102.45285,100.6521
103.0982,100.17932,102.29551,100.51108
102.58867,99.61398,101.73468,99.98851
102.677704,99.72171,101.84041,100.07005
102.81289,99.88576,101.998924,100.21466
102.88453,99.96316,102.0754,100.28989
102.09691,99.08547,101.20654,99.48761
102.312225,99.32834,101.45238,99.677734
101.859436,98.81712,100.942795,99.233864
102.01689,98.77844,100.95244,99.398895
102.041466,98.960464,101.09906,99.401276
102.56842,99.58568,101.71781,99.92125
102.36942,99.41597,101.52807,99.75662
102.04595,99.08485,101.192856,99.43057
101.62137,98.65042,100.7549,98.99781
101.847046,98.9172,101.01573,99.223816
102.433014,99.55669,101.65234,99.83063
102.27094,99.37863,101.47307,99.67366
101.949425,99.0007,101.10368,99.335335
101.74176,98.74496,100.85726,99.11648
101.854546,98.876724,100.98633,99.224556
101.93268,98.99473,101.0948,99.310165
102.03687,99.13876,101.230034,99.42687
101.81766,98.90702,100.99635,99.20651
101.22186,98.24457,100.34097,98.59093
101.12367,98.14954,100.24381,98.48296
101.38323,98.465225,100.54998,98.75564
101.22448,98.28287,100.36918,98.59571
101.73306,98.852196,100.93297,99.119865
101.61451,98.70436,100.789024,98.99931
102.271835,99.413124,101.49684,99.67413
102.42782,99.577736,101.66174,99.840836
102.64808,99.80521,101.891106,100.06331
102.62932,99.79318,101.87793,100.04794
101.69046,98.716774,100.82129,99.0678
101.625755,98.6949,100.78922,98.994194
101.28921,98.33976,100.433075,98.65355
101.32214,98.402336,100.48845,98.69098
101.524475,98.63952,100.72019,98.907524
101.788666,98.93187,101.00901,99.18726
101.70205,98.832634,100.91119,99.09743
101.35115,98.43621,100.520775,98.726204
100.95165,97.99911,100.08702,98.310684
101.18295,98.26543,100.34848,98.54569
101.1008,98.169304,100.25399,98.4636
100.90749,97.95564,100.042,98.26429
100.21807,97.23759,99.32043,97.560005
100.091095,97.12094,99.19836,97.42666
100.96343,98.055046,100.135414,98.32355
101.0121,98.14167,100.20923,98.39708
100.940025,98.06443,100.13144,98.32109
100.89574,98.01445,100.08224,98.27293
101.04873,98.18179,100.24908,98.430405
100.661964,97.74776,99.819565,98.025604
101.49104,98.62593,100.70051,98.87822
101.70947,98.864,100.93584,99.113014
101.9798,99.14169,101.21604,99.386246
101.724266,98.876976,100.94961,99.126045
101.584816,98.73511,100.80636,98.98253
101.37562,98.50807,100.58095,98.76299
101.255066,98.36998,100.445694,98.63323
101.832016,98.99288,101.06586,99.233154
101.86025,99.04203,101.10864,99.277725
101.88322,99.07033,101.135345,99.30444
102.02357,99.21917,101.28332,99.45057
101.58719,98.72191,100.795334,98.98308
101.643456,98.78733,100.85976,99.04005
101.735016,98.896645,100.964806,99.14375
102.040726,99.24127,101.30185,99.47606
101.6806,98.8488,100.91122,99.09958
101.56409,98.71491,100.78013,98.972206
102.07654,99.27417,101.33469,99.51201
102.760895,99.99792,102.05607,100.23203
102.763214,99.994095,102.05497,100.23284
103.131226,100.34772,102.417145,100.5987
103.14736,100.37636,102.44296,100.622025
102.71236,99.89851,101.968636,100.16667
102.33396,99.48786,101.56022,99.77056
102.23992,99.41891,101.484474,99.68145
102.29919,99.49413,101.5565,99.748955
102.8994,100.11825,102.18295,100.367775
102.98571,100.204506,102.270775,100.457664
102.96219,100.169785,102.238335,100.42922
102.84773,100.04116,102.112045,100.30688
102.95045,100.153404,102.22401,100.41296
102.76716,99.959694,102.03031,100.22358
102.45907,99.62582,101.697784,99.90128
102.59699,99.782974,101.853745,100.043526
102.62289,99.79799,101.874214,100.063
102.6993,99.86971,101.94916,100.1368
102.67612,99.84461,101.92424,100.11346
102.706825,99.86981,101.95419,100.13605
103.15578,100.343575,102.42641,100.603615
103.41183,100.60735,102.69125,100.87235
103.779465,100.99693,103.07658,101.26134
103.674866,100.892555,102.970146,101.16002
103.41581,100.61235,102.69084,100.89011
103.42539,100.61989,102.69899,100.898636
104.03685,101.25062,103.33468,101.5254
104.52965,101.756454,103.84666,102.03039
104.62404,101.846725,103.93962,102.12571
104.388985,101.602844,103.693115,101.885605
104.30606,101.51567,103.605034,101.799
104.25791,101.469894,103.55779,101.75241
104.55326,101.76859,103.86074,102.051384
104.989136,102.21594,104.31386,102.49713
105.29458,102.518394,104.62295,102.80753
104.7819,101.983986,104.084206,102.28293
104.45121,101.64558,103.74126,101.94478
104.29611,101.490204,103.583176,101.78659
104.07247,101.257225,103.348816,101.55674
103.99718,101.17857,103.27006,101.47892
104.1418,101.33197,103.423836,101.62684
104.58784,101.795364,103.89032,102.08433
104.63087,101.84038,103.93562,102.131226
104.81361,102.02637,104.123955,102.318146
105.05865,102.27285,104.37479,102.56871
104.943306,102.15081,104.252365,102.4528
104.86437,102.0684,104.169174,102.37265
104.73521,101.93005,104.03103,102.23972
104.81252,102.01405,104.11421,102.31873
104.86537,102.06925,104.16952,102.37344
105.22154,102.433365,104.53787,102.73675
105.3866,102.594955,104.70352,102.90537
105.549774,102.76428,104.87421,103.073105
105.787346,103.00698,105.11996,103.31619
105.81427,103.03549,105.148155,103.3463
106.0081,103.2367,105.35078,103.545876
106.422585,103.66132,105.78121,103.96981
106.110466,103.33774,105.453575,103.65243
106.17359,103.4067,105.521164,103.71763
106.41702,103.657005,105.77454,103.96863
106.94568,104.19109,106.317795,104.50629
104.47634,101.45612,103.625984,101.911964
104.12998,101.09376,103.26427,101.53612
103.8314,100.85048,103.00478,101.21942
104.337654,101.40979,103.55846,101.74325
104.32309,101.40552,103.54606,101.74848
104.06997,101.13328,103.2745,101.48852
103.86649,100.92092,103.062225,101.27645
103.75893,100.816795,102.955444,101.16461
103.74521,100.8103,102.94683,101.15146
103.23956,100.24935,102.390045,100.63631
103.12391,100.12486,102.26712,100.51076
103.72064,100.77632,102.918144,101.10841
104.08476,101.189995,103.319046,101.50991
103.853035,100.93716,103.06668,101.27806
103.42804,100.46068,102.5974,100.835884
103.61774,100.68234,102.815094,101.02193
103.680504,100.762245,102.89073,101.094444
103.58052,100.648994,102.77943,100.99185
103.441605,100.500916,102.632416,100.84734
103.45058,100.51944,102.64863,100.856155
103.12867,100.1592,102.29388,100.52372
103.11007,100.14551,102.27922,100.5008
102.87936,99.897995,102.03111,100.26653
101.90544,98.88567,101.01461,99.28713
102.01334,98.998405,101.121376,99.38129
101.9914,98.98616,101.104904,99.367714
102.09159,99.106544,101.22127,99.46879
102.3346,99.38908,101.49793,99.71952
102.57596,99.654915,101.761185,99.973114
102.4556,99.52058,101.62657,99.85273
102.36686,99.42192,101.529396,99.75937
102.51404,99.598595,101.702156,99.91066
102.37788,99.45506,101.557236,99.774666
102.511475,99.60759,101.707855,99.91242
102.793015,99.91269,102.01183,100.20293
102.68104,99.78766,101.8878,100.09063
102.84797,99.97187,102.070694,100.26185
103.0827,100.221794,102.32044,100.502975
102.81193,99.929276,102.029274,100.22774
102.24651,99.29954,101.40716,99.637276
102.011765,99.06622,101.17009,99.3922
101.94378,99.01426,101.11265,99.325516
102.03229,99.131546,101.22327,99.42193
102.35087,99.48843,101.575005,99.75835
102.515274,99.66203,101.74819,99.93213
102.71433,99.86982,101.9567,100.13741
102.9257,100.08431,102.17399,100.35364
102.80178,99.911385,102.01478,100.213745
102.950615,100.072426,102.17526,100.36282
103.30292,100.4661,102.5606,100.73827
103.3661,100.549034,102.63619,100.81848
103.38999,100.573875,102.659966,100.846016
103.49466,100.68981,102.77282,100.95911
103.546425,100.75052,102.83126,101.01704
103.36816,100.55279,102.63794,100.82767
103.50349,100.67551,102.768196,100.9563
103.34375,100.47692,102.5797,100.781746
103.42332,100.580414,102.67704,100.867935
103.56265,100.7444,102.83497,101.02176
103.362465,100.52136,102.61495,100.81458
103.316925,100.46791,102.56255,100.763504
104.875824,102.06284,104.17765,102.35523
105.29704,102.51375,104.62257,102.80139
105.05969,102.25778,104.366776,102.555336
104.75977,101.95421,104.05716,102.250175
104.726776,101.930786,104.02919,102.22168
104.54391,101.72392,103.82237,102.0308
103.84541,100.99502,103.090034,101.311676
104.04995,101.21354,103.30662,101.52215
104.18796,101.355484,103.44986,101.66498
104.827156,102.02245,104.122765,102.32177
104.62284,101.79506,103.89668,102.10949
104.280624,101.436615,103.53624,101.757744
104.60427,101.79849,103.89535,102.09422
103.91471,101.07317,103.16688,101.38604
103.85343,101.025894,103.11517,101.32593
104.07365,101.26583,103.35478,101.554596
104.54922,101.75697,103.85059,102.041504
104.225746,101.41623,103.50839,101.710335
104.34787,101.54301,103.636055,101.834755
104.39148,101.58659,103.680435,101.87991
103.85597,101.004295,103.101295,101.32395
103.994965,101.16885,103.262184,101.469185
103.9764,101.14873,103.243286,101.45022
104.03772,101.21186,103.30768,101.512764
104.556984,101.74977,103.84878,102.04602
104.601326,101.78594,103.88873,102.09098
104.23304,101.37166,103.48225,101.70076
104.561584,101.727425,103.835915,102.038284
105.19346,102.39606,104.50332,102.69696
105.1442,102.34319,104.45009,102.64989
105.077934,102.268936,104.37598,102.57957
105.07012,102.25961,104.36691,102.57192
105.410995,102.61144,104.72173,102.92087
105.83918,103.05228,105.1673,103.35982
105.85626,103.06908,105.183975,103.37937
105.59699,102.80281,104.914505,103.11601
105.52411,102.72998,104.84022,103.04221
105.56205,102.77061,104.88083,103.08144
105.72762,102.94287,105.05452,103.25161
105.604095,102.8115,104.92298,103.12487
105.681625,102.89465,105.00611,103.206
105.34963,102.539764,104.651855,102.86348
105.99341,103.211365,105.32799,103.52241
105.89052,103.097916,105.215576,103.4176
105.59148,102.783,104.89955,103.10985
105.42097,102.604324,104.7202,102.93286
105.12173,102.288,104.40422,102.62228
104.44244,101.536415,103.665794,101.902145
104.48802,101.61877,103.73801,101.950386
104.94302,102.11886,104.2309,102.430786
104.92623,102.100494,104.21288,102.4184
104.565025,101.69968,103.81942,102.0385
104.9279,102.09204,104.20882,102.41157
105.060616,102.23152,104.3482,102.552055
105.35718,102.54687,104.6616,102.86175
105.24013,102.42714,104.540504,102.74624
105.77113,102.97833,105.0945,103.290665
105.806274,103.01591,105.13174,103.33071
105.9857,103.1996,105.31684,103.51406
105.877594,103.08366,105.20086,103.40484
105.93088,103.13899,105.25628,103.459984
105.88083,103.08477,105.20206,103.40824
106.25237,103.47055,105.59087,103.78926
106.22463,103.442184,105.56188,103.76291
106.29896,103.521255,105.64035,103.84001
106.91103,104.13848,106.26875,104.46131
106.228806,103.41282,105.54213,103.75708
106.24781,103.449265,105.57258,103.77991
106.28338,103.4891,105.61184,103.81924
106.64213,103.86328,105.9884,104.18924
106.98969,104.22026,106.34976,104.54634
107.11186,104.348495,106.47776,104.67624
107.091354,104.33272,106.45938,104.65917
107.62055,104.871574,107.00617,105.19939
107.524,104.77817,106.90946,105.10642
107.18675,104.44446,106.56821,104.76753
107.19797,104.45317,106.57721,104.77621
107.20313,104.4598,106.583885,104.78298
107.48331,104.74372,106.87248,105.06767
108.04438,105.31558,107.45322,105.64206
107.59405,104.85193,106.98395,105.18339
107.35695,104.61209,106.739494,104.94115
107.11589,104.35465,106.481964,104.68854
107.1666,104.40129,106.53043,104.73689
107.04146,104.26313,106.39384,104.60499
107.38862,104.62157,106.755905,104.96009
107.52603,104.762314,106.89859,105.10238
107.54111,104.782326,106.9169,105.121956
107.25393,104.48488,106.61644,104.82802
106.92533,104.134415,106.26602,104.48395
107.02033,104.23426,106.365685,104.5799
107.56985,104.80828,106.944145,105.14713
107.80945,105.053604,107.19219,105.39632
108.26479,105.52034,107.66411,105.865944
108.33948,105.600395,107.743004,105.94755
108.26536,105.53452,107.67249,105.87893
108.39848,105.67287,107.811844,106.01758
108.57548,105.85524,107.99606,106.20126
108.52597,105.80694,107.94621,106.15333
108.91869,106.208084,108.3524,106.556366
108.76961,106.052376,108.1958,106.40371
108.66694,105.95117,108.09171,106.300735
108.75638,106.03986,108.182106,106.39017
108.6287,105.90637,108.0481,106.25762
108.61497,105.89732,108.03739,106.24674
108.40814,105.683876,107.82214,106.03339
108.913536,106.19791,108.34337,106.54855
108.71978,106.001114,108.143814,106.354126
108.21467,105.47759,107.616516,105.83071
108.180336,105.4314,107.57206,105.78601
108.99985,106.27876,108.42829,106.629875
108.83481,106.10007,108.250114,106.46053
109.615814,106.8831,109.04598,107.25088
109.58073,106.84326,109.00738,107.21637
109.868286,107.14168,109.30672,107.51649
110.02053,107.296524,109.462776,107.67386
110.16263,107.442604,109.60918,107.822495
110.25871,107.53755,109.70547,107.92065
110.04431,107.32298,109.48743,107.70463
110.14612,107.42765,109.59239,107.81027
110.3534,107.63252,109.800995,108.02016
110.68879,107.95367,110.12998,108.34977
110.700905,107.96409,110.14109,108.36285
110.84356,108.10908,110.2869,108.51237
110.85093,108.11501,110.2934,108.52041
110.563484,107.823586,109.99977,108.22749
109.89415,107.122246,109.30092,107.52524
110.300476,107.54658,109.72362,107.9474
110.5212,107.775566,109.95401,108.17904
110.557396,107.81091,109.99004,108.217735
110.18142,107.41172,109.592865,107.822075
110.840416,108.073555,110.26134,108.48721
109.98341,107.12207,109.33368,107.559074
110.48381,107.668816,109.86981,108.095276
110.96435,108.17632,110.374176,108.602745
111.16124,108.382774,110.57954,108.813324
111.649994,108.878296,111.0778,109.315346
111.74076,108.96706,111.1683,109.40944
111.918465,109.14573,111.34922,109.5921
111.85176,109.07849,111.28153,109.52573
111.99404,109.22364,111.42757,109.67261
112.072525,109.30328,111.507744,109.754196
112.22748,109.46185,111.66696,109.91516
112.15382,109.386154,111.59082,109.8409
111.51395,108.71751,110.923706,109.17217
110.067696,107.10101,109.35636,107.59569
109.519554,106.4301,108.72869,106.95632
109.32767,106.25295,108.5568,106.72261
108.101814,104.85535,107.15243,105.533585
108.07651,104.898895,107.20053,105.439224
108.930466,105.81401,108.1327,106.27437
108.485756,105.376526,107.64685,105.92394
108.98717,105.87806,108.18997,106.348145
108.17179,104.9829,107.2629,105.60557
108.15036,104.89014,107.19287,105.56361
107.64971,104.17643,106.50777,105.096985
106.91916,103.61652,105.967606,104.17605
105.94314,102.58937,104.865166,103.372894
105.63153,102.07356,104.38762,103.09184
105.13187,101.768074,104.09427,102.400116
104.15874,100.83513,103.08024,101.58097
104.56636,101.29904,103.55408,101.91674
104.098305,100.778175,103.00697,101.52435
104.459305,101.272415,103.50504,101.80898
103.75935,100.509735,102.71465,101.18027
103.791916,100.579544,102.77979,101.20437
104.36063,101.26304,103.47463,101.706024
103.98459,100.8612,103.04818,101.38973
104.53402,101.4877,103.6824,101.90459
104.0012,100.86769,103.053,101.41615
104.2173,101.16617,103.34887,101.596375
104.42626,101.42596,103.59595,101.8218
103.73468,100.58859,102.768394,101.1497
103.701996,100.65842,102.82265,101.08957
103.373344,100.31342,102.47009,100.76929
104.83385,101.85718,104.0434,102.2055
105.1316,102.21551,104.37289,102.564095
105.57819,102.66367,104.83109,103.0104
105.31374,102.42245,104.568794,102.76543
105.46591,102.58857,104.73002,102.928955
106.41475,103.5808,105.723045,103.91488
106.37587,103.5359,105.67628,103.882515
106.34397,103.50057,105.63974,103.84868
106.61849,103.78665,105.92787,104.13348
106.508385,103.66066,105.80522,104.018776
105.852104,102.93904,105.09832,103.32482
106.622826,103.7442,105.903076,104.114655
106.80867,103.94762,106.10302,104.3173
106.82225,103.97442,106.124535,104.339005
106.557175,103.706375,105.852135,104.07033
105.83505,102.91423,105.072845,103.31098
108.04067,105.16106,107.34201,105.557915
107.967545,105.10417,107.27963,105.495384
107.40574,104.53978,106.70916,104.92383
107.41795,104.558716,106.72268,104.93839
107.72968,104.89716,107.0593,105.267136
107.414154,104.58295,106.737144,104.95019
107.750725,104.94275,107.09628,105.30098
107.833565,105.03065,107.18376,105.38855
108.04823,105.25802,107.41053,105.613846
107.72003,104.92535,107.07319,105.28363
107.42094,104.60945,106.75663,104.971344
107.35155,104.55301,106.692986,104.90565
107.637024,104.852455,106.99423,105.20277
107.94645,105.168304,107.31449,105.52143
107.80096,105.02425,107.1668,105.37859
108.536736,105.77379,107.92584,106.13135
108.62249,105.85854,108.0128,106.222046
108.75889,106.00425,108.15777,106.3667
109.24095,106.490295,108.65048,106.860916
109.251625,106.50148,108.66189,106.87495
109.31441,106.56713,108.7275,106.94125
109.49159,106.75087,108.91205,107.123955
109.507416,106.77383,108.93291,107.14583
109.69711,106.96802,109.12873,107.34245
109.71718,106.9888,109.149414,107.36482
109.11616,106.381,108.53341,106.75166
109.78982,107.05183,109.21622,107.43198
110.213844,107.4744,109.64698,107.86581
110.50435,107.77073,109.94596,108.16687
110.73541,108.00306,110.18079,108.40425
109.54039,106.73911,108.926315,107.145164
109.58364,106.786705,108.96882,107.18597
109.754745,106.979355,109.1555,107.37608
110.44084,107.691536,109.87074,108.08884
110.52528,107.77451,109.955055,108.1785
110.189224,107.42828,109.606964,107.83354
109.92461,107.14522,109.32501,107.55161
110.436485,107.68451,109.86397,108.08554
110.788025,108.03977,110.223145,108.44716
110.25512,107.47898,109.66472,107.89228
110.260956,107.48962,109.67249,107.89834
109.07305,106.14809,108.37189,106.594574
109.6533,106.78967,108.999214,107.2049
109.864815,107.04421,109.23849,107.45564
110.50937,107.71651,109.91234,108.126656
110.80221,108.01239,110.210365,108.429924
111.34714,108.575264,110.77212,108.997246
111.18039,108.40529,110.60112,108.830986
111.46879,108.69977,110.897194,109.128006
111.650604,108.88303,111.08162,109.31416
111.93468,109.16788,111.36901,109.60595
111.65563,108.87817,111.079384,109.319786
111.7288,108.948845,111.15187,109.392334
111.80058,109.02257,111.22635,109.46745
111.78621,109.0091,111.212524,109.45521
111.98201,109.20929,111.41382,109.657455
112.804115,110.03807,112.24939,110.498566
112.84336,110.075554,112.28889,110.54164
112.99082,110.225624,112.440025,110.69567
112.190956,109.39983,111.612724,109.867455
111.92864,109.12923,111.34239,109.59075
112.4888,109.71815,111.927795,110.17801
112.01371,109.22466,111.434326,109.68676
112.422516,109.655785,111.86325,110.114555
112.601036,109.83448,112.043884,110.2975
111.15859,108.29922,110.52567,108.769966
111.13367,108.25617,110.49557,108.71638
110.86437,107.97969,110.217575,108.43609
111.058495,108.2211,110.441025,108.66583
111.509094,108.72539,110.928764,109.16383
111.49658,108.71431,110.91626,109.15723
111.39932,108.61172,110.81469,109.05469
111.1908,108.38624,110.5927,108.83033
111.68174,108.92006,111.11888,109.35344
111.96712,109.21925,111.41654,109.6551
111.800804,109.046135,111.24291,109.485405
112.03971,109.29766,111.494026,109.73437
112.69564,109.96093,112.16172,110.40237
112.71312,109.974976,112.17694,110.423935
113.2521,110.51467,112.72254,110.97205
113.2464,110.501305,112.71176,110.96419
113.53196,110.78719,113.00108,111.25673
113.845184,111.09469,113.31436,111.57292
114.41025,111.6387,113.870926,112.13442
114.276855,111.50293,113.73631,112.005005
114.601295,111.82875,114.06611,112.33696
114.527275,111.74471,113.98479,112.25845
115.05888,112.27362,114.521286,112.797714
115.90631,113.09674,115.36148,113.6422
114.66756,111.84556,114.09796,112.38271
113.778244,110.93393,113.18568,111.45577
112.787384,109.879944,112.15374,110.40315
113.19303,110.26046,112.56466,110.773056
112.68731,109.7885,112.05718,110.30014
112.39309,109.47601,111.75272,109.98293
112.13702,109.20477,111.48654,109.70559
112.714745,109.84006,112.10589,110.325485
112.20326,109.32568,111.578514,109.81656
111.592255,108.6466,110.922554,109.14577
111.01157,107.99435,110.28855,108.5125
110.57519,107.49026,109.803116,108.02816
111.110374,108.05789,110.390076,108.54006
110.11365,107.01484,109.30781,107.58846
110.28282,107.19334,109.51402,107.696556
110.20809,107.19576,109.48168,107.66704
110.61801,107.66373,109.937836,108.11159
110.52734,107.61126,109.86027,108.060326
110.44855,107.52983,109.7793,107.9778
110.670425,107.81041,110.0366,108.24261
110.086845,107.17144,109.40801,107.62492
110.52164,107.66923,109.889015,108.0962
110.0103,107.12625,109.34793,107.566284
110.10805,107.24498,109.461044,107.671196
110.519485,107.71607,109.915436,108.12688
111.02111,108.23742,110.43799,108.64792
112.13674,109.364395,111.57043,109.795
112.175674,109.4207,111.62375,109.849205
112.28596,109.52983,111.735306,109.965294
112.27389,109.50356,111.71276,109.94943
112.68468,109.92066,112.134,110.3707
112.248726,109.45158,111.66948,109.91572
112.79093,110.007515,112.228195,110.472496
113.45488,110.669716,112.89891,111.150375
114.05643,111.26596,113.50338,111.7654
114.56485,111.77134,114.01569,112.28517
113.526215,110.71505,112.952286,111.22362
113.9366,111.13478,113.37315,111.64252
112.32659,109.45375,111.70063,109.96313
113.33385,110.48751,112.74032,110.99061
114.6664,111.83935,114.09588,112.36364
115.04768,112.22471,114.48132,112.75858
115.27829,112.46739,114.72357,113.006805
116.8393,114.01452,116.298164,114.585
116.94197,114.11595,116.401184,114.68642
117.04923,114.23244,116.51526,114.80471
117.08924,114.27067,116.55523,114.84835
116.722664,113.90459,116.18249,114.47918
117.193886,114.37498,116.65898,114.95674
117.216225,114.39528,116.68064,114.97922
117.68315,114.85913,117.15104,115.45032
117.65856,114.8359,117.127335,115.427505
117.34538,114.52845,116.813416,115.114746
117.03939,114.22561,116.50446,114.80578
117.42158,114.60741,116.890816,115.19196
117.2334,114.41786,116.69983,115.001045
117.12692,114.31447,116.59367,114.894745
117.68244,114.86505,117.15294,115.453575
117.63525,114.81596,117.10487,115.40579
117.98615,115.1658,117.45906,115.76086
117.31922,114.503624,116.78718,115.0896
118.09624,115.274864,117.56928,115.870766
118.52862,115.70117,118.00448,116.3061
118.666885,115.84173,118.146996,116.44883
118.38692,115.56752,117.86681,116.17037
118.228645,115.41165,117.7078,116.01227
118.01857,115.20257,117.49543,115.80021
117.54925,114.734215,117.02021,115.32455
117.27504,114.46134,116.7429,115.04615
117.54826,114.73601,117.02074,115.32358
117.27732,114.46066,116.74343,115.04533
117.49882,114.68628,116.97012,115.27218
117.40521,114.59041,116.87416,115.17576
117.13705,114.32003,116.601105,114.90159
116.866295,114.04006,116.32183,114.61898
116.91843,114.09641,116.37766,114.67456
116.81043,113.98814,116.268776,114.56534
116.854576,114.03641,116.316086,114.61257
117.00809,114.194,116.4744,114.7715
117.77549,114.955025,117.24747,115.544426
117.45303,114.6363,116.923195,115.223175
117.00319,114.186554,116.46695,114.7671
117.3412,114.528595,116.81145,115.11007
116.91838,114.09502,116.37688,114.674255
117.289185,114.47506,116.75831,115.05568
116.9382,114.11295,116.39641,114.69287
118.15197,115.32698,117.62545,115.921616
118.575874,115.747154,118.05382,116.35174
117.73017,114.907555,117.19967,115.50171
117.226265,114.40005,116.686966,114.9875
117.64655,114.82721,117.1166,115.41583
117.43005,114.60503,116.89422,115.19352
117.455986,114.63464,116.92318,115.22219
118.66195,115.83375,118.14075,116.43919
119.75738,116.92144,119.25175,117.54937
120.491905,117.65165,119.99381,118.28435
120.79667,117.96066,120.30322,118.59544
120.78877,117.95891,120.29886,118.59516
120.977516,118.14561,120.48837,118.788315
119.354836,116.5208,118.840004,117.14763
120.05965,117.22805,119.55504,117.86133
119.75776,116.92277,119.24767,117.55454
120.9771,118.13827,120.48195,118.78834
121.63905,118.79549,121.15285,119.45373
122.53168,119.66931,122.066666,120.34919
123.15412,120.295525,122.69089,120.97244
123.62972,120.78811,123.18448,121.46321
123.585785,120.766045,123.14415,121.43438
123.56767,120.76585,123.135,121.42857
123.80896,121.02227,123.39319,121.68145
123.913536,121.14126,123.50884,121.795494
124.18987,121.43867,123.80281,122.08797
124.710884,121.9882,124.35312,122.63078
124.79741,122.08251,124.442825,122.72548
124.86211,122.14726,124.50432,122.794174
124.63463,121.912476,124.265465,122.56109
123.75132,120.99677,123.34307,121.65062
123.97841,121.23714,123.58754,121.88811
124.510414,121.7941,124.1473,122.439095
123.375175,120.608665,122.95243,121.265854
123.35466,120.58487,122.930435,121.242874
124.70591,121.978355,124.33616,122.63304
124.82427,122.09166,124.448296,122.75367
123.12587,120.34103,122.68266,121.00413
123.975204,121.21472,123.567184,121.87516
125.14663,122.42937,124.79325,123.08283
123.635475,120.85121,123.20015,121.52185
124.30299,121.535126,123.890144,122.20432
124.22915,121.457054,123.81335,122.12858
125.67059,122.939026,125.31055,123.61005
124.56555,121.786095,124.143616,122.46982
124.47522,121.69599,124.052284,122.37466
125.30255,122.5506,124.91726,123.22714
125.164764,122.40417,124.76844,123.08485
123.64541,120.85163,123.20073,121.52326
123.47846,120.68518,123.03683,121.35195
123.92175,121.13167,123.49053,121.80313
124.51264,121.73058,124.09507,122.40721
124.30632,121.51586,123.87616,122.19374
124.00914,121.21501,123.57228,121.88942
123.61811,120.81846,123.17307,121.48938
124.15114,121.36105,123.723915,122.034904
124.33048,121.542595,123.90681,122.21808
125.02226,122.24848,124.619156,122.92817
126.1784,123.43822,125.82589,124.11874
127.83117,125.123215,127.54446,125.80385
127.4159,124.66524,127.07264,125.38138
127.757744,125.014275,127.42409,125.732025
127.78878,125.04602,127.45281,125.766975
127.98563,125.249855,127.658905,125.96938
127.44353,124.69474,127.09103,125.415276
127.66578,124.92048,127.31819,125.64373
127.54236,124.79191,127.18512,125.519554
128.67348,125.9399,128.3531,126.67836
128.53493,125.7936,128.20363,126.53796
128.91948,126.18407,128.60014,126.931625
128.553,125.813736,128.22026,126.56128
128.82481,126.09637,128.50441,126.84504
128.39116,125.66583,128.06114,126.41009
129.81433,127.11444,129.53159,127.87269
130.30495,127.62228,130.03763,128.38962
130.35089,127.67146,130.08092,128.44734
132.69267,130.1109,132.54242,130.84958
132.76501,130.20586,132.62854,130.94417
132.61082,130.03935,132.45331,130.79893
131.41815,128.79639,131.19302,129.58911
131.05756,128.41483,130.8104,129.21825
130.87814,128.21953,130.61816,129.02826
131.79474,129.1528,131.56647,129.95828
132.03151,129.39888,131.81122,130.20683
130.63835,127.96709,130.35721,128.78708
129.3061,126.61154,128.99503,127.40388
127.09573,124.324135,126.704155,125.09209
127.84535,125.069695,127.4753,125.82393
129.05916,126.29805,128.71986,127.07152
129.1004,126.34511,128.75935,127.1206
128.44992,125.689606,128.09154,126.45209
128.06194,125.30101,127.69892,126.05252
129.2543,126.50568,128.9244,127.27672
128.9822,126.23189,128.64046,127.0028
130.635,127.914055,130.35129,128.6969
130.39348,127.66641,130.09552,128.45636
130.76234,128.04956,130.48337,128.83557
130.38428,127.66798,130.09126,128.45601
130.20999,127.49397,129.91118,128.28334
131.12233,128.43623,130.86383,129.22502
130.82692,128.14172,130.5575,128.93565
130.44296,127.7569,130.16269,128.54962
131.5843,128.9317,131.3534,129.72087
131.80823,129.17253,131.58975,129.96248
132.09897,129.47871,131.89415,130.26854
132.22029,129.6063,132.0184,130.40265
133.15681,130.58112,133.00002,131.36775
133.04344,130.46362,132.8744,131.26778
133.86044,131.32024,133.73547,132.10793
133.41313,130.85535,133.26021,131.66426
133.30884,130.74121,133.14473,131.55928
133.76308,131.21307,133.62265,132.02211
133.44395,130.87773,133.2819,131.70197
133.91171,131.36432,133.77448,132.17581
134.5142,132.00087,134.41447,132.79367
134.32607,131.80653,134.21347,132.61086
134.72174,132.2197,134.62973,133.0152
134.71394,132.21437,134.62244,133.01138
134.75188,132.24939,134.65768,133.05144
134.79666,132.29851,134.70668,133.09674
134.57072,132.05864,134.46465,132.86807
134.68767,132.1794,134.5883,132.98378
136.45584,134.05045,136.47127,134.77531
137.02124,134.66748,137.08255,135.36282
137.5663,135.23976,137.65436,135.91983
136.13683,133.73065,136.13199,134.48776
136.29504,133.88632,136.29599,134.63696
136.92073,134.5492,136.96497,135.26662
137.30925,134.96642,137.38118,135.66306
137.75214,135.44044,137.85422,136.11179
137.00926,134.65712,137.06393,135.36993
136.89847,134.53064,136.94028,135.25397
135.47469,133.00702,135.40953,133.81653
136.12567,133.69485,136.11139,134.4554
136.74586,134.36255,136.7808,135.08264
137.3016,134.95787,137.37392,135.64854
139.0606,136.81693,139.23643,137.41632
138.89758,136.66878,139.07802,137.27025
139.40271,137.18134,139.59724,137.77904
140.13266,137.95943,140.37415,138.50957
140.10835,137.93422,140.34717,138.49628
140.0252,137.84857,140.26006,138.42078
139.42683,137.21823,139.62794,137.82523
139.9026,137.68962,140.11176,138.29767
139.72023,137.50673,139.92578,138.11801
140.15501,137.95049,140.3748,138.55254
139.96266,137.75923,140.17941,138.36299
140.2145,138.01472,140.43799,138.61401
140.31122,138.11804,140.54114,138.71327
140.07915,137.87859,140.29816,138.48302
140.38945,138.1955,140.61888,138.7916
140.48532,138.2971,140.7212,138.8911
140.76704,138.58586,141.01318,139.17471
140.23691,138.04054,140.46161,138.64868
139.94035,137.71259,140.1358,138.35175
139.94553,137.70624,140.13443,138.35405
140.85478,138.6451,141.08382,139.2588
141.52498,139.35074,141.78896,139.93462
141.92058,139.76326,142.2007,140.33737
141.95058,139.80252,142.23828,140.37321
141.85703,139.70949,142.14534,140.28415
142.32478,140.17625,142.61998,140.75557
142.39864,140.25839,142.70113,140.83316
142.57303,140.43195,142.87729,141.01236
142.70781,140.5647,143.01361,141.15237
142.62227,140.481,142.93024,141.07005
142.70467,140.5577,143.00897,141.15692
143.13046,140.97256,143.43257,141.58412
142.88618,140.73337,143.19038,141.34259
143.11964,140.95549,143.41751,141.5774
142.58607,140.42572,142.88188,141.0428
142.75406,140.58614,143.04552,141.20865
143.22919,141.05981,143.5246,141.68263
143.35442,141.19278,143.65808,141.80959
143.39117,141.2219,143.68849,141.84802
142.84384,140.6738,143.134,141.30179
140.9968,138.72987,141.17976,139.46329
141.87538,139.61816,142.0908,140.31294
142.23354,140.01306,142.47844,140.67043
142.91364,140.707,143.17323,141.34846
143.05815,140.86784,143.32994,141.49643
142.87923,140.68433,143.1445,141.32507
140.59386,138.29672,140.73938,139.05873
139.38655,136.99873,139.45639,137.82098
139.94353,137.56235,140.03925,138.3639
141.6893,139.40254,141.88115,140.10442
141.45781,139.17445,141.64168,139.89679
142.29965,140.03546,142.51224,140.73125
142.8304,140.60516,143.07404,141.26253
143.43414,141.20695,143.68047,141.86504
143.8237,141.59811,144.07469,142.26164
143.82275,141.59807,144.07379,142.27089
143.52142,141.2846,143.76343,141.97775
143.72687,141.46848,143.95628,142.17998
145.20607,142.93195,145.42786,143.6478
145.13837,142.89372,145.38597,143.59482
145.93402,143.66048,146.15465,144.39313
145.9032,143.63533,146.13264,144.37088
146.03117,143.75044,146.25087,144.5014
146.17757,143.89001,146.39299,144.65111
145.69496,143.40575,145.91537,144.18068
145.44308,143.14406,145.65994,143.92885
146.63184,144.2936,146.80428,145.08711
147.08519,144.74756,147.25056,145.5428
147.4302,145.0999,147.5933,145.89557
147.91109,145.56691,148.0499,146.37657
147.22862,144.92955,147.4276,145.72246
147.69066,145.36003,147.85054,146.16934
147.74449,145.40788,147.89946,146.22353
148.17659,145.8172,148.29962,146.64574
148.13162,145.79071,148.27191,146.60887
148.25264,145.89816,148.37718,146.72649
148.26857,145.90718,148.38832,146.74387
148.13753,145.77806,148.26581,146.61877
148.18419,145.81442,148.30235,146.66232
148.42828,146.03743,148.5185,146.89104
148.32704,145.94868,148.43243,146.79645
148.51378,146.11868,148.59825,146.97614
148.47066,146.07272,148.55553,146.93504
148.83891,146.42896,148.8997,147.29575
148.56676,146.17136,148.65076,147.03009
148.73369,146.32216,148.79846,147.19118
148.39938,146.00551,148.4918,146.87247
148.52054,146.10944,148.59337,146.98206
148.03415,145.63907,148.13866,146.5211
148.40147,145.97762,148.46573,146.84747
148.06886,145.6467,148.1485,146.52953
148.19507,145.7774,148.2729,146.65154
148.35114,145.92451,148.4157,146.80157
148.51178,146.08087,148.56778,146.95912
148.62752,146.18134,148.66704,147.06946
149.0589,146.59732,149.065,147.48668
148.98338,146.52538,148.99718,147.41563
149.251,146.78609,149.24738,147.67958
149.13115,146.67976,149.14494,147.5698
149.16374,146.69894,149.16753,147.60025
148.8844,146.42737,148.90804,147.33101
149.26793,146.79161,149.25607,147.69333
149.41422,146.93082,149.39156,147.83813
149.38493,146.88895,149.35605,147.80913
149.13351,146.6327,149.11418,147.56563
149.55617,147.05107,149.50818,147.96689
149.59477,147.09073,149.54436,148.00371
149.91515,147.4177,149.85141,148.3211
149.88,147.37854,149.81595,148.28717
149.91135,147.40353,149.84167,148.31691
149.8611,147.35039,149.7933,148.26945
150.04745,147.52362,149.95857,148.44608
150.03835,147.5094,149.94772,148.43884
150.13939,147.60895,150.0408,148.53407
149.99818,147.46529,149.90706,148.39616
149.50128,146.998,149.46585,147.94572
148.33699,145.9222,148.42088,146.82376
148.66974,146.19223,148.68881,147.11249
149.23904,146.75317,149.22313,147.66095
149.56189,147.04149,149.50348,147.9675
149.73123,147.21841,149.66667,148.13246
149.47354,146.94203,149.41382,147.88718
149.30951,146.81477,149.28412,147.73332
148.63995,146.15517,148.656,147.09622
148.14732,145.66748,148.18506,146.59833
148.09402,145.59836,148.12195,146.54338
147.52281,145.03568,147.57741,145.99168
147.04002,144.55199,147.10625,145.49855
145.13242,142.64877,145.23236,143.64539
146.9533,144.45581,147.01288,145.3807
147.04463,144.5245,147.0845,145.48883
148.19106,145.68541,148.20247,146.60312
148.31735,145.83733,148.34534,146.74643
148.82726,146.34477,148.82973,147.24129
149.1439,146.6692,149.13538,147.55421
149.99701,147.46721,149.90701,148.38551
149.93958,147.40616,149.84926,148.33105
149.08469,146.5405,149.03906,147.51149
148.88757,146.3995,148.8893,147.31834
149.14165,146.63336,149.11424,147.55869
149.28412,146.75375,149.23523,147.6942
148.40073,145.8879,148.40833,146.85622
148.11638,145.62917,148.15219,146.56213
148.31216,145.82204,148.33546,146.74492
148.6523,146.18134,148.67427,147.08626
147.85983,145.37747,147.90666,146.32463
145.95,143.51414,146.0782,144.44579
145.86694,143.42389,145.98904,144.33925
145.5097,143.0491,145.61917,143.98639
147.13625,144.687,147.22226,145.56609
147.16588,144.74768,147.27467,145.61487
147.79518,145.35591,147.86906,146.23167
147.0934,144.66478,147.19627,145.55902
146.88043,144.45113,146.98691,145.33383
146.52411,144.1169,146.65517,144.99133
146.0852,143.69016,146.23224,144.5624
142.51639,140.06378,142.61853,141.0283
142.8768,140.3964,142.97324,141.32693
145.21736,142.78171,145.34354,143.6387
145.63469,143.23376,145.77837,144.07472
144.9999,142.59636,145.14235,143.46371
141.22258,138.73553,141.27486,139.70804
142.99794,140.529,143.09784,141.42088
144.4748,142.06923,144.62206,142.89497
145.25354,142.87317,145.41147,143.68349
145.68535,143.3158,145.84465,144.11684
145.33258,142.97403,145.50336,143.77805
146.22461,143.87395,146.3924,144.67012
145.6898,143.362,145.8824,144.1479
146.52145,144.17581,146.68956,144.9763
146.25435,143.92415,146.44186,144.71915
146.64598,144.30902,146.8218,145.10944
146.61496,144.27295,146.79015,145.08224
146.85468,144.5025,147.01772,145.32362
146.58864,144.24295,146.763,145.0617
146.44266,144.10994,146.62898,144.92072
146.90872,144.57942,147.08691,145.38039
146.47537,144.14008,146.65651,144.94687
145.79706,143.48627,146.00449,144.29044
144.84096,142.50388,145.03497,143.32874
144.49918,142.172,144.70016,142.98383
141.82562,139.42574,141.94463,140.3239
141.32016,138.89995,141.42947,139.78317
142.1547,139.80077,142.32,140.59763
141.36362,138.95824,141.47054,139.82176
141.08714,138.68437,141.19336,139.53116
142.29683,139.92744,142.44548,140.72485
141.43985,139.06796,141.56717,139.8869
139.71992,137.26321,139.75348,138.16364
136.55696,133.86353,136.34373,134.9472
138.19408,135.5494,138.08105,136.55458
136.65039,133.95149,136.45148,135.01093
134.62413,131.77473,134.2845,132.89758
136.12856,133.36917,135.8876,134.4165
134.8131,131.98553,134.48074,133.08936
135.38809,132.6752,135.16145,133.67532
135.50697,132.82986,135.30827,133.80211
138.01808,135.49652,137.9886,136.3342
135.45882,132.77058,135.22462,133.79555
134.88239,132.1698,134.63347,133.18149
133.6146,130.71022,133.18192,131.87456
134.71802,132.00092,134.48293,132.96469
134.0004,131.26962,133.73244,132.24924
134.18077,131.49168,133.9488,132.43578
135.02625,132.39885,134.86101,133.29709
134.73871,132.09409,134.54428,133.02179
135.1677,132.57137,135.02179,133.45567
133.45567,130.71469,133.13245,131.7447
132.35938,129.55028,131.96841,130.60057
131.57228,128.73997,131.16762,129.75633
132.56665,129.82733,132.2826,130.73636
129.62668,126.74152,129.15224,127.75647
128.90094,126.07935,128.49576,126.95001
130.174,127.39451,129.83113,128.23721
132.37163,129.66188,132.12442,130.49373
133.25154,130.62,133.07141,131.42554
132.99759,130.36336,132.79628,131.19298
134.77837,132.22351,134.67294,133.00392
133.01,130.37056,132.78676,131.23814
134.69072,132.12982,134.5741,132.92549
134.19724,131.62355,134.05411,132.44347
134.86531,132.3292,134.76495,133.1203
133.48262,130.87163,133.28302,131.73775
131.64952,128.95891,131.34407,129.8701
127.94077,125.13425,127.52869,125.97641
128.35416,125.5695,127.98665,126.349434
130.02684,127.26568,129.7117,128.05862
128.28062,125.51144,127.90888,126.30175
128.5117,125.78109,128.17822,126.53401
130.48683,127.78007,130.21535,128.5542
130.41246,127.704155,130.12964,128.49132
130.56285,127.86989,130.29141,128.65285
132.75099,130.13292,132.58235,130.89325
131.8198,129.17758,131.60007,129.97304
130.20473,127.53631,129.92314,128.33557
129.34657,126.6732,129.05275,127.44788
128.48146,125.782005,128.15848,126.546814
128.18108,125.46623,127.85,126.21481
130.45161,127.75338,130.18823,128.5188
130.8604,128.16533,130.60179,128.94377
132.82146,130.20221,132.66162,130.95007
132.49602,129.87877,132.32056,130.64253
130.96686,128.29807,130.70634,129.09868
130.10452,127.43826,129.828,128.2244
129.13885,126.459,128.83844,127.230965
128.5539,125.85405,128.23466,126.615
130.11691,127.421646,129.84021,128.19444
128.69952,125.97111,128.36044,126.75222
130.96017,128.26524,130.70184,129.05151
130.63716,127.929474,130.35292,128.73184
130.86462,128.1663,130.58987,128.96815
127.66504,124.92057,127.296005,125.692
126.78064,124.01484,126.398766,124.75247
125.9236,123.11267,125.501335,123.8554
129.88808,127.15944,129.61108,127.90512
129.58488,126.841324,129.2768,127.60767
131.08344,128.38994,130.84468,129.1425
129.19525,126.456604,128.87257,127.22033
129.57724,126.85696,129.27571,127.615524
130.80911,128.12288,130.55775,128.88464
130.97992,128.31035,130.74008,129.0709
130.67227,128.00311,130.422,128.76483
130.75824,128.09917,130.51338,128.86293
130.5504,127.89282,130.29823,128.66156
132.44862,129.85358,132.2836,130.60242
131.97792,129.37894,131.79208,130.14255
133.38692,130.84926,133.2746,131.58134
133.36395,130.8408,133.25491,131.57837
133.34149,130.81287,133.22234,131.56456
132.46046,129.88913,132.28586,130.6753
132.74203,130.17073,132.57721,130.9542
131.69191,129.08026,131.47198,129.8879
129.97914,127.32684,129.69775,128.13002
129.12823,126.448456,128.83301,127.21295
128.98843,126.2828,128.67873,127.045
130.40096,127.69285,130.12137,128.4775
128.12453,125.37499,127.76013,126.15444
126.774635,123.99801,126.37982,124.74446
126.63701,123.85409,126.240425,124.58958
126.885315,124.10774,126.49787,124.83894
127.258736,124.49255,126.88551,125.22349
126.758545,123.97456,126.359055,124.711395
126.11234,123.31561,125.693214,124.04825
127.19552,124.42581,126.8173,125.15577
126.78904,124.008194,126.39217,124.741684
127.64078,124.8852,127.28033,125.618706
127.470856,124.70658,127.09766,125.44474
125.41329,122.608604,124.97977,123.331726
125.24282,122.43272,124.80718,123.14967
124.82506,122.000755,124.37665,122.718346
125.14463,122.327255,124.70513,123.0413
125.21114,122.392166,124.76911,123.108665
124.56206,121.73221,124.10212,122.445
123.77977,120.93766,123.305145,121.64097
124.3316,121.49752,123.86885,122.198746
123.583115,120.73608,123.103355,121.43335
123.467476,120.62585,122.98945,121.3144
122.98215,120.13658,122.497406,120.81853
124.72962,121.89648,124.27476,122.59844
123.39053,120.552986,122.9123,121.23787
122.39817,119.55721,121.91172,120.22802
123.73154,120.89355,123.26375,121.57923
124.964516,122.124054,124.51433,122.832375
124.97053,122.14154,124.51551,122.84579
124.98458,122.162605,124.53336,122.86519
123.75268,120.93018,123.28697,121.61348
123.27252,120.4487,122.80352,121.12375
123.06301,120.23593,122.591835,120.909386
123.49047,120.66408,123.0245,121.34337
124.28805,121.464745,123.83443,122.15606
123.408554,120.58368,122.93829,121.260994
125.465675,122.64986,125.032616,123.35865
125.567406,122.75373,125.13181,123.46595
125.078186,122.26683,124.63249,122.968254
125.1692,122.36213,124.7292,123.063965
125.550316,122.7492,125.12157,123.45678
126.103386,123.31394,125.69255,124.02912
127.04199,124.27338,126.66582,124.99808
123.798645,120.98601,123.346596,121.671616
121.27824,118.43633,120.786804,119.09919
121.97564,119.053444,121.47947,119.7327
121.89592,119.03937,121.40311,119.7004
120.240616,117.38438,119.72653,118.03536
119.00911,116.124825,118.46855,116.7751
117.861595,114.94219,117.28868,115.59273
117.648224,114.61114,117.04679,115.23587
118.48879,115.52492,117.91823,116.149155
118.84463,115.96284,118.30308,116.58297
117.95332,115.08383,117.40494,115.70852
120.01995,117.037186,119.48002,117.69296
120.46394,117.525185,119.9271,118.17236
120.74528,117.874245,120.23084,118.51657
121.34093,118.485664,120.84314,119.13686
121.76064,118.908875,121.270035,119.56625
121.52581,118.68239,121.032906,119.33586
121.25434,118.41723,120.760605,119.06774
120.70862,117.87728,120.21109,118.521805
121.38527,118.54702,120.89505,119.202866
121.92293,119.07758,121.437325,119.74269
121.76471,118.92376,121.2761,119.583275
121.247086,118.41395,120.75612,119.06578
120.76049,117.92974,120.264465,118.576416
122.484886,119.63475,122.00873,120.316475
123.03568,120.183586,122.562256,120.863365
123.07278,120.2331,122.60539,120.9083
122.27531,119.44645,121.80011,120.10902
121.235504,118.41099,120.75008,119.06326
120.5238,117.69324,120.02638,118.340164
120.30796,117.47571,119.80659,118.11823
120.042496,117.20755,119.536,117.84622
120.23222,117.39843,119.72875,118.03742
121.38759,118.54735,120.89806,119.20525
121.242966,118.40499,120.7473,119.05656
119.472786,116.61865,118.94777,117.260086
118.946724,116.070045,118.40851,116.70439
118.5426,115.65568,117.995575,116.284744
118.72804,115.829185,118.18251,116.451126
118.98315,116.10452,118.445244,116.727806
118.41508,115.54051,117.86927,116.16428
118.709435,115.83071,118.17039,116.448494
118.265526,115.392166,117.7187,116.010544
117.75429,114.86265,117.1952,115.47804
118.54155,115.6465,117.995865,116.25916
118.58588,115.72142,118.04706,116.33632
119.013535,116.16247,118.48637,116.78135
118.51291,115.658516,117.976616,116.27745
117.77469,114.89741,117.21971,115.5145
117.945244,115.05522,117.3919,115.66321
118.51895,115.651184,117.97849,116.2642
118.59858,115.74537,118.06407,116.36064
119.86176,117.01296,119.34554,117.64607
119.70143,116.85622,119.18239,117.4866
120.025,117.18461,119.51369,117.81955
119.57374,116.735664,119.0579,117.36557
119.64379,116.80752,119.13024,117.43787
120.49333,117.649925,119.987915,118.29501
121.5466,118.6825,121.05057,119.352936
122.57258,119.70542,122.0872,120.38407
122.5138,119.66352,122.0283,120.33423
120.69489,117.86337,120.19693,118.51001
122.37084,119.53147,121.892365,120.20305
122.86442,120.01285,122.38668,120.6932
122.510574,119.67251,122.028206,120.340355
122.72261,119.88517,122.247665,120.55927
123.16218,120.317924,122.6918,121.00138
123.972046,121.10375,123.52422,121.807625
124.399536,121.557106,123.94719,122.25533
123.8179,120.999565,123.363686,121.67952
125.489624,122.69803,125.09479,123.39161
122.93771,120.122795,122.477234,120.79376
121.08851,118.25231,120.59454,118.906425
121.1369,118.2816,120.64058,118.93621
121.26887,118.39429,120.76605,119.05367
120.873505,118.02115,120.36682,118.67127
121.781395,118.92437,121.28862,119.58797
121.01464,118.172066,120.51089,118.82015
120.24027,117.39738,119.72861,118.03593
119.217186,116.3564,118.686554,116.99171
119.31771,116.4597,118.79192,117.08575
119.02492,116.166374,118.493835,116.79045
118.496155,115.629,117.95512,116.25044
118.6494,115.78402,118.113075,116.40075
118.82018,115.9636,118.28815,116.58215
118.875084,116.02518,118.34607,116.645
119.399086,116.55364,118.87882,117.179955
