Date,Open,High,Low,Close,Volume,Dividends,Stock Splits,Company_name
2018-01-02 00:00:00-05:00,15.440037182859406,15.903238592840527,15.401437678892934,15.517237663269043,427900,0.0,0.0,VICI
2018-01-03 00:00:00-05:00,15.82603837914723,15.903238860857925,15.440037443070468,15.563557624816895,231300,0.0,0.0,VICI
2018-01-04 00:00:00-05:00,15.55583947802781,15.826040463361062,15.517239968327448,15.594440460205078,447800,0.0,0.0,VICI
2018-01-05 00:00:00-05:00,15.59444046020508,15.59444046020508,15.55583947802781,15.594440460205078,78300,0.0,0.0,VICI
2018-01-08 00:00:00-05:00,15.59444046020508,15.59444046020508,15.478638986150179,15.594440460205078,59200,0.0,0.0,VICI
2018-01-09 00:00:00-05:00,15.594437916399675,15.602156639099121,15.440036957830701,15.602156639099121,224700,0.0,0.0,VICI
2018-01-10 00:00:00-05:00,15.362836295317903,15.594437730409119,15.362836295317903,15.44003677368164,367500,0.0,0.0,VICI
2018-01-11 00:00:00-05:00,15.44003677368164,15.44003677368164,15.324236792374359,15.44003677368164,37800,0.0,0.0,VICI
2018-01-12 00:00:00-05:00,15.440038883577976,15.440038883577976,15.054037911488527,15.432318687438965,1109300,0.0,0.0,VICI
2018-01-16 00:00:00-05:00,15.826039602590162,17.748324236158773,15.826039602590162,16.598041534423828,2005000,0.0,0.0,VICI
2018-01-17 00:00:00-05:00,16.405042991977396,16.443642504144186,16.405042991977396,16.428203582763672,233000,0.0,0.0,VICI
2018-01-18 00:00:00-05:00,16.40504042307536,16.48224090779695,16.199687339862674,16.212039947509766,634400,0.0,0.0,VICI
2018-01-19 00:00:00-05:00,16.09624155378302,16.212041556117047,16.019041061401367,16.019041061401367,955700,0.0,0.0,VICI
2018-01-22 00:00:00-05:00,16.019039367460465,17.748323440551758,15.671637924717606,17.748323440551758,3600,0.0,0.0,VICI
2018-01-23 00:00:00-05:00,16.212039947509766,16.59804089864095,16.212039947509766,16.212039947509766,127300,0.0,0.0,VICI
2018-01-24 00:00:00-05:00,16.019039471944172,16.289240432231356,15.054037094116211,16.212039947509766,20000,0.0,0.0,VICI
2018-01-25 00:00:00-05:00,16.32784084387006,16.32784084387006,16.158000946044922,16.158000946044922,73500,0.0,0.0,VICI
2018-01-26 00:00:00-05:00,16.212039401302256,16.28923988342285,16.212039401302256,16.28923988342285,5000,0.0,0.0,VICI
2018-01-29 00:00:00-05:00,15.903238945296607,16.28923988342285,15.903238945296607,16.28923988342285,24900,0.0,0.0,VICI
2018-01-30 00:00:00-05:00,16.250638961791992,16.28923993922288,16.212039456837832,16.250638961791992,40100,0.0,0.0,VICI
2018-01-31 00:00:00-05:00,16.250642495275148,17.73288648395051,16.13484248275679,16.984045028686523,643200,0.0,0.0,VICI
2018-02-01 00:00:00-05:00,16.273801760906963,16.466802256872406,15.957281065321792,16.127120971679688,24638300,0.0,0.0,VICI
2018-02-02 00:00:00-05:00,16.019036446699413,16.289237355958317,15.748835537440508,16.219757080078125,4923100,0.0,0.0,VICI
2018-02-05 00:00:00-05:00,16.04220250710803,16.28924291793352,14.274317174362992,15.910962104797363,4454000,0.0,0.0,VICI
2018-02-06 00:00:00-05:00,15.625321463689566,16.142562901000662,15.054040117961604,15.826042175292969,9323000,0.0,0.0,VICI
2018-02-07 00:00:00-05:00,15.679360512913846,16.158002410120737,15.679360512913846,16.026762008666992,15743200,0.0,0.0,VICI
2018-02-08 00:00:00-05:00,15.864637195967227,15.980438649751159,15.362836295317903,15.44003677368164,7726200,0.0,0.0,VICI
2018-02-09 00:00:00-05:00,15.440037116180813,15.67163708393285,14.675755455627064,15.370556831359863,5664400,0.0,0.0,VICI
2018-02-12 00:00:00-05:00,15.40915808719398,15.440038871726323,14.938237902890586,15.115797996520996,2149100,0.0,0.0,VICI
2018-02-13 00:00:00-05:00,15.208437919616697,15.247037425373776,14.976836467643952,15.2084379196167,1396400,0.0,0.0,VICI
2018-02-14 00:00:00-05:00,15.185277389336987,15.270198069291533,14.915076430598965,15.16983699798584,2311500,0.0,0.0,VICI
2018-02-15 00:00:00-05:00,15.293357041072317,15.401438307044605,15.023156084856723,15.324237823486328,2318700,0.0,0.0,VICI
2018-02-16 00:00:00-05:00,15.362838394664715,15.447759079716988,15.169837908619991,15.432318687438965,1168600,0.0,0.0,VICI
2018-02-20 00:00:00-05:00,15.324236792374359,15.501796861877303,15.324236792374359,15.44003677368164,2273500,0.0,0.0,VICI
2018-02-21 00:00:00-05:00,15.432319288682745,15.440039485122536,15.131238989915467,15.18527889251709,2484500,0.0,0.0,VICI
2018-02-22 00:00:00-05:00,15.223879797626134,15.440040900322384,15.193000481513552,15.316520690917969,2713600,0.0,0.0,VICI
2018-02-23 00:00:00-05:00,15.324238430440241,15.401438917056232,15.16983745720826,15.301077842712402,2631500,0.0,0.0,VICI
2018-02-26 00:00:00-05:00,15.277918207960846,15.277918207960846,15.07719753857517,15.2084379196167,2092200,0.0,0.0,VICI
2018-02-27 00:00:00-05:00,15.254758586380047,15.30879848685044,14.969117219280584,15.023157119750977,1665000,0.0,0.0,VICI
2018-02-28 00:00:00-05:00,14.999996707732887,15.220017124909475,14.90735583459061,15.092636108398438,2408600,0.0,0.0,VICI
2018-03-01 00:00:00-05:00,15.092635846379217,15.216156026773367,14.930516161790658,15.046316146850586,2674800,0.0,0.0,VICI
2018-03-02 00:00:00-05:00,15.046318407849489,15.06947899733248,14.79078623553793,14.976838111877441,1471400,0.0,0.0,VICI
2018-03-05 00:00:00-05:00,14.945958850238153,15.065618215123171,14.89114589668129,15.030878067016602,1797100,0.0,0.0,VICI
2018-03-06 00:00:00-05:00,15.131234921907744,15.216154114961235,15.05403445074197,15.138955116271973,2350600,0.0,0.0,VICI
2018-03-07 00:00:00-05:00,15.084915228198886,15.19685436528892,14.969113785211967,15.138955116271973,1433500,0.0,0.0,VICI
2018-03-08 00:00:00-05:00,15.123515270688575,15.169834966060957,14.822435042053241,14.891915321350098,2447900,0.0,0.0,VICI
2018-03-09 00:00:00-05:00,14.791555793060564,15.169836534751706,14.729795702018677,15.131237030029297,2827700,0.0,0.0,VICI
2018-03-12 00:00:00-04:00,15.131240265913704,15.177559975981618,14.82243974466588,14.96911907196045,3098800,0.0,0.0,VICI
2018-03-13 00:00:00-04:00,14.976836066186221,15.192997121071183,14.976836066186221,15.131237030029297,2115800,0.0,0.0,VICI
2018-03-14 00:00:00-04:00,15.154393196105955,15.247034050887052,15.123513892829878,15.154393196105957,2741500,0.0,0.0,VICI
2018-03-15 00:00:00-04:00,15.169837231223648,15.247037716689585,14.822437255342109,14.992277145385742,3091200,0.0,0.0,VICI
2018-03-16 00:00:00-04:00,14.861036761836683,15.077197826645952,14.837876174453866,14.992277145385742,19539200,0.0,0.0,VICI
2018-03-19 00:00:00-04:00,14.999995356632061,15.003854717780197,14.783834320421597,14.84559440612793,2324000,0.0,0.0,VICI
2018-03-20 00:00:00-04:00,14.930517583568356,14.930517583568356,14.544516614960026,14.691197395324707,4471100,0.0,0.0,VICI
2018-03-21 00:00:00-04:00,14.6603159178369,14.714355815290507,14.490476029771745,14.644875526428223,1937400,0.0,0.0,VICI
2018-03-22 00:00:00-04:00,14.552239483835697,14.668039501191789,14.482759178926619,14.513638496398926,1527200,0.0,0.0,VICI
2018-03-23 00:00:00-04:00,14.552236446570639,14.613996541102125,14.104475393098165,14.258874893188477,2140000,0.0,0.0,VICI
2018-03-26 00:00:00-04:00,14.413276875188691,14.613997564592685,14.289756677474989,14.405556678771973,2106900,0.0,0.0,VICI
2018-03-27 00:00:00-04:00,14.475034787438995,14.475034787438995,14.150793949301294,14.266593933105469,1420000,0.0,0.0,VICI
2018-03-28 00:00:00-04:00,14.305529160840532,14.360041007863376,14.14199213443557,14.227654457092285,4879900,0.16,0.0,VICI
2018-03-29 00:00:00-04:00,14.103056473690192,14.33667911531012,13.904475891510373,14.266592025756836,6687600,0.0,0.0,VICI
2018-04-02 00:00:00-04:00,14.289956008309153,14.321105003152063,14.126418958039777,14.243231773376465,5131100,0.0,0.0,VICI
2018-04-03 00:00:00-04:00,14.274378685206662,14.289953923023596,14.126416896618634,14.227654457092285,1757600,0.0,0.0,VICI
2018-04-04 00:00:00-04:00,14.141995178343358,14.28216937819386,14.017396219662189,14.118632316589355,3282400,0.0,0.0,VICI
2018-04-05 00:00:00-04:00,14.149782264963118,14.243232223115886,14.056332306810353,14.157569885253906,3853800,0.0,0.0,VICI
2018-04-06 00:00:00-04:00,14.149783630130665,14.282170217173304,14.079696526088279,14.235445976257324,2187100,0.0,0.0,VICI
2018-04-09 00:00:00-04:00,14.243231883623672,14.286061566197105,14.095270072298801,14.126419067382812,2919500,0.0,0.0,VICI
2018-04-10 00:00:00-04:00,14.243233974559399,14.274382974216147,14.025185035614648,14.141996383666992,1523700,0.0,0.0,VICI
2018-04-11 00:00:00-04:00,14.056334117941155,14.184827641290257,14.001822254218585,14.149784088134766,1926700,0.0,0.0,VICI
2018-04-12 00:00:00-04:00,14.149784088134764,14.266595436874113,13.947310390496014,14.149784088134766,896800,0.0,0.0,VICI
2018-04-13 00:00:00-04:00,14.173148155212404,14.208191711342835,14.040761552646,14.173148155212402,1426600,0.0,0.0,VICI
2018-04-16 00:00:00-04:00,14.173147028920278,14.305533620966367,14.126421300901498,14.196508407592773,2935700,0.0,0.0,VICI
2018-04-17 00:00:00-04:00,14.227654457092285,14.34446577004644,14.204291600366881,14.227654457092285,1570000,0.0,0.0,VICI
2018-04-18 00:00:00-04:00,14.243232638575448,14.33668111411731,14.204294535985724,14.313318252563477,1460400,0.0,0.0,VICI
2018-04-19 00:00:00-04:00,14.313319756965935,14.321107378302399,14.173147028920278,14.196508407592773,1343600,0.0,0.0,VICI
2018-04-20 00:00:00-04:00,14.212081741952732,14.282168839233133,14.068014479914883,14.157569885253906,1074800,0.0,0.0,VICI
2018-04-23 00:00:00-04:00,14.204298591208646,14.204298591208646,13.690327372983184,14.08748722076416,931100,0.0,0.0,VICI
2018-04-24 00:00:00-04:00,14.079695788276078,14.19650712711323,13.978459690707016,14.04854679107666,1068500,0.0,0.0,VICI
2018-04-25 00:00:00-04:00,13.978459690707016,14.134207647377632,13.978459690707016,14.04854679107666,1006700,0.0,0.0,VICI
2018-04-26 00:00:00-04:00,14.040759873395523,14.103059356250155,14.001821768275855,14.025184631347656,1440300,0.0,0.0,VICI
2018-04-27 00:00:00-04:00,14.00181788047812,14.087480202619227,13.877218949365465,14.056329727172852,1188900,0.0,0.0,VICI
2018-04-30 00:00:00-04:00,14.06411992710114,14.173145125835484,14.009608070402317,14.157569885253906,1640800,0.0,0.0,VICI
2018-05-01 00:00:00-04:00,14.095270239807071,14.204293951901741,13.939520806526104,14.180931091308594,3781900,0.0,0.0,VICI
2018-05-02 00:00:00-04:00,14.110844714516226,14.141993708280198,13.885008197046892,13.916158676147461,3561000,0.0,0.0,VICI
2018-05-03 00:00:00-04:00,13.885008027851422,14.056331204807107,13.877220408171176,13.900583267211914,2176800,0.0,0.0,VICI
2018-05-04 00:00:00-04:00,13.900585748295025,14.251019784434792,13.853861507210425,14.03297233581543,2616400,0.0,0.0,VICI
2018-05-07 00:00:00-04:00,14.017397414366242,14.227658732062586,14.001822171869428,14.141996383666992,3572200,0.0,0.0,VICI
2018-05-08 00:00:00-04:00,14.126421003986644,14.484644151250206,14.118633382813865,14.336682319641113,3328100,0.0,0.0,VICI
2018-05-09 00:00:00-04:00,14.601455060178923,15.138789022287815,14.601455060178923,14.710478782653809,4145400,0.0,0.0,VICI
2018-05-10 00:00:00-04:00,14.796138407266199,14.936312587725725,14.780563168251463,14.889588356018066,2574200,0.0,0.0,VICI
2018-05-11 00:00:00-04:00,14.858441108719106,14.87401635112043,14.683223345046395,14.796141624450684,1535400,0.0,0.0,VICI
2018-05-14 00:00:00-04:00,14.874016208901608,15.041446349772764,14.85844096664921,15.029764175415039,3418500,0.0,0.0,VICI
2018-05-15 00:00:00-04:00,15.014188933251207,15.201087365780884,14.990826072183731,15.068700790405273,5147500,0.0,0.0,VICI
2018-05-16 00:00:00-04:00,15.03755019266643,15.403560919875574,15.03755019266643,15.302323341369629,3603900,0.0,0.0,VICI
2018-05-17 00:00:00-04:00,15.411348962954808,15.613821154847779,15.337367310785513,15.341261863708496,3875400,0.0,0.0,VICI
2018-05-18 00:00:00-04:00,15.387991120869545,15.411353990018013,15.14658074768426,15.2322416305542,2095400,0.0,0.0,VICI
2018-05-21 00:00:00-04:00,15.294540013427039,15.535951854331461,15.263391008839537,15.38798999786377,3213100,0.0,0.0,VICI
2018-05-22 00:00:00-04:00,15.434708422809894,15.481432654727357,15.310109480805629,15.380196571350098,3009900,0.0,0.0,VICI
2018-05-23 00:00:00-04:00,15.36462459503272,15.512586427084546,15.349049352640554,15.497011184692383,1862500,0.0,0.0,VICI
2018-05-24 00:00:00-04:00,15.512582604608253,15.53049427747929,15.387983666847264,15.458070755004883,1574500,0.0,0.0,VICI
2018-05-25 00:00:00-04:00,15.458077512511384,15.559313636696425,15.387990393715146,15.465865135192871,1921300,0.0,0.0,VICI
2018-05-29 00:00:00-04:00,15.481434372775455,15.58267195272408,15.419134894859654,15.528160095214844,2400300,0.0,0.0,VICI
2018-05-30 00:00:00-04:00,15.598249192932647,15.613822950405314,15.465862599725064,15.53594970703125,5212400,0.0,0.0,VICI
2018-05-31 00:00:00-04:00,15.481439338479566,15.59046457380483,15.045342853190096,15.084280967712402,12951500,0.0,0.0,VICI
2018-06-01 00:00:00-04:00,15.310115396658485,15.528164372088698,15.166048092798821,15.481438636779785,3060900,0.0,0.0,VICI
2018-06-04 00:00:00-04:00,15.707271454044823,15.948681753685268,15.574884873209076,15.863020896911621,7235800,0.0,0.0,VICI
2018-06-05 00:00:00-04:00,15.870803208040881,15.9564655295102,15.547625197169525,15.660543441772461,4659500,0.0,0.0,VICI
2018-06-06 00:00:00-04:00,15.62939993555395,15.761786543519767,15.52037619440695,15.55931282043457,2291800,0.0,0.0,VICI
2018-06-07 00:00:00-04:00,15.629396356742292,15.707271076302893,15.504797399580024,15.582672119140625,4128300,0.0,0.0,VICI
2018-06-08 00:00:00-04:00,15.613820717163739,16.260178347943672,15.55930886046395,15.917531967163086,6319600,0.0,0.0,VICI
2018-06-11 00:00:00-04:00,15.964254634099843,16.081065956306436,15.894167543708578,15.987617492675781,3007800,0.0,0.0,VICI
2018-06-12 00:00:00-04:00,15.956469083401801,16.092750214759405,15.886381983923433,16.042131423950195,3311800,0.0,0.0,VICI
2018-06-13 00:00:00-04:00,16.049919044485208,16.13557989969686,15.979831945006838,16.042131423950195,5153400,0.0,0.0,VICI
2018-06-14 00:00:00-04:00,16.081065956306436,16.15504759912863,15.940891775523905,15.987617492675781,5072000,0.0,0.0,VICI
2018-06-15 00:00:00-04:00,15.964264076688053,16.166737848096297,15.93311358016182,15.979839324951172,8947200,0.0,0.0,VICI
2018-06-18 00:00:00-04:00,15.90974484552847,16.158942761301898,15.90974484552847,16.042131423950195,5838900,0.0,0.0,VICI
2018-06-19 00:00:00-04:00,15.964256701605784,16.23681747894445,15.964256701605784,16.08106803894043,5068100,0.0,0.0,VICI
2018-06-20 00:00:00-04:00,16.096642550239476,16.369203315221135,16.04213069431048,16.306903839111328,5324700,0.0,0.0,VICI
2018-06-21 00:00:00-04:00,16.33805266526616,16.35362790546645,16.236816574637594,16.330265045166016,2542700,0.0,0.0,VICI
2018-06-22 00:00:00-04:00,16.423715085841074,16.423715085841074,16.22902903834209,16.33805274963379,2493700,0.0,0.0,VICI
2018-06-25 00:00:00-04:00,16.314691036213034,16.314691036213034,16.11221737277262,16.229028701782227,2902900,0.0,0.0,VICI
2018-06-26 00:00:00-04:00,16.17451875234841,16.267967232428074,16.112219270516366,16.190093994140625,4620800,0.0,0.0,VICI
2018-06-27 00:00:00-04:00,16.16879374538646,16.279214294445268,16.074146485930942,16.153018951416016,4161100,0.263,0.0,VICI
2018-06-28 00:00:00-04:00,16.192460274105567,16.231895765228813,15.995279809754212,16.1451358795166,2350000,0.0,0.0,VICI
2018-06-29 00:00:00-04:00,16.17668359871472,16.381751438367505,15.92429287433203,16.279216766357422,1727000,0.0,0.0,VICI
2018-07-02 00:00:00-04:00,16.22400722394477,16.36597738898172,16.145134742883418,16.326541900634766,1466900,0.0,0.0,VICI
2018-07-03 00:00:00-04:00,16.47640041035638,16.523724808652148,16.31076952942422,16.452739715576172,1087900,0.0,0.0,VICI
2018-07-05 00:00:00-04:00,16.539494445390268,16.563156639304374,16.413299086583052,16.555269241333008,1705700,0.0,0.0,VICI
2018-07-06 00:00:00-04:00,16.57893303046753,16.657805513402966,16.48034280289011,16.642030715942383,3062500,0.0,0.0,VICI
2018-07-09 00:00:00-04:00,16.66569089514699,16.73667597716871,16.618368008588323,16.649917602539062,1757800,0.0,0.0,VICI
2018-07-10 00:00:00-04:00,16.705131678136002,16.736679774877857,16.586823682710428,16.673582077026367,1695900,0.0,0.0,VICI
2018-07-11 00:00:00-04:00,16.594709685798247,16.68146807280957,16.413302503426955,16.5316104888916,1349300,0.0,0.0,VICI
2018-07-12 00:00:00-04:00,16.50006001140159,16.634142776724882,16.45273712492497,16.51583480834961,912700,0.0,0.0,VICI
2018-07-13 00:00:00-04:00,16.55527255366149,16.709073083956767,16.55527255366149,16.697242736816406,1259200,0.0,0.0,VICI
2018-07-16 00:00:00-04:00,16.70513013636586,16.728790830646584,16.586822151859312,16.697242736816406,896100,0.0,0.0,VICI
2018-07-17 00:00:00-04:00,16.697239942896886,16.760337624366866,16.52372169494629,16.52372169494629,1460000,0.0,0.0,VICI
2018-07-18 00:00:00-04:00,16.507945080801047,16.58681755004574,16.29498986515054,16.35808753967285,2624800,0.0,0.0,VICI
2018-07-19 00:00:00-04:00,16.36598102826384,16.476401623683348,16.21612343136037,16.381755828857422,3539800,0.0,0.0,VICI
2018-07-20 00:00:00-04:00,16.46062271521511,16.4842834036706,16.24766749291209,16.350200653076172,1076100,0.0,0.0,VICI
2018-07-23 00:00:00-04:00,16.389639383263546,16.413300074234066,16.176684138324283,16.247669219970703,1302800,0.0,0.0,VICI
2018-07-24 00:00:00-04:00,16.294989088415715,16.326538676356606,16.153018951416016,16.153018951416016,1147200,0.0,0.0,VICI
2018-07-25 00:00:00-04:00,16.168802584865652,16.287110595588636,16.09781747755827,16.21612548828125,1300300,0.0,0.0,VICI
2018-07-26 00:00:00-04:00,16.176683937654783,16.36597698490794,16.145134344262217,16.16879653930664,804900,0.0,0.0,VICI
2018-07-27 00:00:00-04:00,16.145136749985042,16.23583958795282,15.963731074049484,16.02682876586914,746900,0.0,0.0,VICI
2018-07-30 00:00:00-04:00,16.04259856280903,16.204286441705346,15.971613493599214,16.097808837890625,706400,0.0,0.0,VICI
2018-07-31 00:00:00-04:00,16.507949985296882,16.507949985296882,16.01499878652126,16.050491333007812,2481200,0.0,0.0,VICI
2018-08-01 00:00:00-04:00,16.003167976067562,16.121475959476722,15.735002411344068,15.77443790435791,2346500,0.0,0.0,VICI
2018-08-02 00:00:00-04:00,15.742884928516826,15.798096713004146,15.443171334565044,15.498381614685059,4717200,0.0,0.0,VICI
2018-08-03 00:00:00-04:00,15.577258658425308,15.774439147772464,15.22233317585333,15.411627769470215,2626800,0.0,0.0,VICI
2018-08-06 00:00:00-04:00,15.419508402290699,15.632463619149073,15.399790660959495,15.577253341674805,2844800,0.0,0.0,VICI
2018-08-07 00:00:00-04:00,15.569372281626611,15.719229884602832,15.490499779830293,15.664019584655762,2521400,0.0,0.0,VICI
2018-08-08 00:00:00-04:00,15.719229686453652,16.03471818529418,15.616694984100587,15.987395286560059,2219900,0.0,0.0,VICI
2018-08-09 00:00:00-04:00,15.947952464848017,16.042599732148968,15.766546832252413,15.869081497192383,767800,0.0,0.0,VICI
2018-08-10 00:00:00-04:00,15.719227695387932,15.916408170233506,15.711340295869993,15.892745971679688,908300,0.0,0.0,VICI
2018-08-13 00:00:00-04:00,15.92429287276714,15.979503155674506,15.758660519677662,15.837532997131348,1302200,0.0,0.0,VICI
2018-08-14 00:00:00-04:00,15.995281730778613,16.184574818765803,15.821761938514555,15.853311538696289,1853000,0.0,0.0,VICI
2018-08-15 00:00:00-04:00,15.837530752243696,16.097808837890625,15.829643355179586,16.097808837890625,1237100,0.0,0.0,VICI
2018-08-16 00:00:00-04:00,16.160909171694364,16.34231482094439,16.026826408255776,16.302879333496094,2095200,0.0,0.0,VICI
2018-08-17 00:00:00-04:00,16.302879333496094,16.47639758438298,16.271329740043527,16.302879333496094,1596900,0.0,0.0,VICI
2018-08-20 00:00:00-04:00,16.25555847878216,16.417246404510603,16.011053612076633,16.137248992919922,1299600,0.0,0.0,VICI
2018-08-21 00:00:00-04:00,16.09781148915664,16.405412503482115,16.066263400071488,16.302879333496094,1275800,0.0,0.0,VICI
2018-08-22 00:00:00-04:00,16.294990359166224,16.334425842800528,16.176682403896052,16.19245719909668,1291200,0.0,0.0,VICI
2018-08-23 00:00:00-04:00,16.176682953792326,16.36597598953272,16.168795555923893,16.318653106689453,1076300,0.0,0.0,VICI
2018-08-24 00:00:00-04:00,16.334427794810196,16.42118767441443,16.271330110834604,16.326541900634766,956400,0.0,0.0,VICI
2018-08-27 00:00:00-04:00,16.358089277520335,16.421186958746006,16.326541189091195,16.413299560546875,2284500,0.0,0.0,VICI
2018-08-28 00:00:00-04:00,16.45273953605991,16.555272722513312,16.377809991759676,16.507949829101562,2949700,0.0,0.0,VICI
2018-08-29 00:00:00-04:00,16.563159752132282,16.571047151585987,16.444851769062005,16.48428726196289,1395000,0.0,0.0,VICI
2018-08-30 00:00:00-04:00,16.44484911946318,16.476397207827322,16.27132936817454,16.279216766357422,1074700,0.0,0.0,VICI
2018-08-31 00:00:00-04:00,16.27922076575475,16.507950856149442,16.27922076575475,16.492176055908203,1248200,0.0,0.0,VICI
2018-09-04 00:00:00-04:00,16.444852136430008,16.567103069774337,16.36597964449865,16.507949829101562,1364300,0.0,0.0,VICI
2018-09-05 00:00:00-04:00,16.49217466141659,16.551329405135544,16.34626153244217,16.48428726196289,1161200,0.0,0.0,VICI
2018-09-06 00:00:00-04:00,16.476397241772542,16.564735198982387,16.40541216234774,16.413299560546875,2385800,0.0,0.0,VICI
2018-09-07 00:00:00-04:00,16.40541063048634,16.46062241272484,16.35414480353003,16.436960220336914,2018700,0.0,0.0,VICI
2018-09-10 00:00:00-04:00,16.52372203588793,16.626255206254488,16.507947239103096,16.571044921875,4019600,0.0,0.0,VICI
2018-09-11 00:00:00-04:00,16.56315766351695,16.602593151445014,16.421187499988015,16.53949546813965,2564300,0.0,0.0,VICI
2018-09-12 00:00:00-04:00,16.515834777129783,16.70512782704588,16.48428518329338,16.53949546813965,2363000,0.0,0.0,VICI
2018-09-13 00:00:00-04:00,16.602593211612955,16.705127887585412,16.582875467577466,16.649917602539062,3210800,0.0,0.0,VICI
2018-09-14 00:00:00-04:00,16.68935552582388,16.83921311022135,16.578934939619252,16.77611541748047,4007300,0.0,0.0,VICI
2018-09-17 00:00:00-04:00,16.83132124996063,17.162584425151103,16.79188576658661,16.973291397094727,4252900,0.0,0.0,VICI
2018-09-18 00:00:00-04:00,16.996955216906873,17.15470018820056,16.981181923271535,17.036392211914062,3466100,0.0,0.0,VICI
2018-09-19 00:00:00-04:00,17.03639253092621,17.20202339995529,16.918084552424357,16.94963264465332,6841400,0.0,0.0,VICI
2018-09-20 00:00:00-04:00,17.01273243156871,17.03639463193424,16.84710154211325,16.894424438476562,5194800,0.0,0.0,VICI
2018-09-21 00:00:00-04:00,16.957515879144413,16.989065467992564,16.815545738062127,16.902305603027344,14810800,0.0,0.0,VICI
2018-09-24 00:00:00-04:00,16.965408495703116,17.000901041892842,16.626257833083,16.77611541748047,4303500,0.0,0.0,VICI
2018-09-25 00:00:00-04:00,16.823440186172355,16.933860784685038,16.760342486398276,16.79977798461914,3734300,0.0,0.0,VICI
2018-09-26 00:00:00-04:00,16.79189072550965,16.949634209957257,16.602596137184193,16.634145736694336,3667700,0.0,0.0,VICI
2018-09-27 00:00:00-04:00,16.864442201788616,17.024371138844227,16.704513264733006,16.91242027282715,2877600,0.288,0.0,VICI
2018-09-28 00:00:00-04:00,16.8964224266406,17.30423973128446,16.87643169630604,17.28824806213379,3287500,0.0,0.0,VICI
2018-10-01 00:00:00-04:00,17.31223935960524,17.36821402442043,16.97638984551888,16.984386444091797,3308500,0.0,0.0,VICI
2018-10-02 00:00:00-04:00,16.96839290858225,17.296245817558034,16.90042410986065,17.20828628540039,1614300,0.0,0.0,VICI
2018-10-03 00:00:00-04:00,17.23227620281203,17.336230466929575,17.01237506360308,17.032365798950195,2753400,0.0,0.0,VICI
2018-10-04 00:00:00-04:00,17.00037926562926,17.032364134019023,16.848446946491112,16.94440460205078,1550500,0.0,0.0,VICI
2018-10-05 00:00:00-04:00,16.984387717673272,17.0323657875132,16.71250944658811,16.768484115600586,3745700,0.0,0.0,VICI
2018-10-08 00:00:00-04:00,16.832456058434566,17.144317337881926,16.728503315415715,17.088342666625977,2011400,0.0,0.0,VICI
2018-10-09 00:00:00-04:00,17.048353662644647,17.284247926394908,16.976385817758477,17.192289352416992,1735800,0.0,0.0,VICI
2018-10-10 00:00:00-04:00,17.208287716179267,17.208287716179267,16.960397720336914,16.960397720336914,2459800,0.0,0.0,VICI
2018-10-11 00:00:00-04:00,16.920415500640352,16.920415500640352,16.456623451008255,16.496604919433594,1937800,0.0,0.0,VICI
2018-10-12 00:00:00-04:00,16.600560097059677,16.664531365200368,16.33667842532992,16.504602432250977,1531700,0.0,0.0,VICI
2018-10-15 00:00:00-04:00,16.64853796775443,16.776480502505645,16.54858276715533,16.696516036987305,1158700,0.0,0.0,VICI
2018-10-16 00:00:00-04:00,16.752489690981996,17.000378123835734,16.67252523758544,16.864439010620117,1832200,0.0,0.0,VICI
2018-10-17 00:00:00-04:00,16.880431207382678,17.312236789858396,16.844447281743452,17.15230941772461,6290700,0.0,0.0,VICI
2018-10-18 00:00:00-04:00,17.16030296571431,17.272253793978834,17.092334181763405,17.192289352416992,2718800,0.0,0.0,VICI
2018-10-19 00:00:00-04:00,17.224283947989537,17.31224350295257,17.104336465883932,17.30424690246582,2297300,0.0,0.0,VICI
2018-10-22 00:00:00-04:00,17.33622907490638,17.352222271978025,16.960396569698815,17.00037956237793,2528800,0.0,0.0,VICI
2018-10-23 00:00:00-04:00,16.920415317269992,17.12032570762072,16.69651513100689,17.07234764099121,2685400,0.0,0.0,VICI
2018-10-24 00:00:00-04:00,17.232274555445567,17.360217079670498,17.12032522804755,17.20828628540039,4563100,0.0,0.0,VICI
2018-10-25 00:00:00-04:00,17.24026900373459,17.672076113037196,17.160304554767993,17.57611846923828,3910900,0.0,0.0,VICI
2018-10-26 00:00:00-04:00,17.56812333637754,17.65608439009311,17.160305985325977,17.43218421936035,3805000,0.0,0.0,VICI
2018-10-29 00:00:00-04:00,17.536137715104562,17.712058289775158,17.216281431523907,17.23227310180664,3929400,0.0,0.0,VICI
2018-10-30 00:00:00-04:00,17.312241933555057,17.456177678877182,17.11233151509554,17.200292587280273,6683500,0.0,0.0,VICI
2018-10-31 00:00:00-04:00,17.27225784427839,17.520146298573923,17.1443153178552,17.26426124572754,3532500,0.0,0.0,VICI
2018-11-01 00:00:00-04:00,17.24826884754981,17.488162239601355,17.232275649707315,17.448179244995117,3529800,0.0,0.0,VICI
2018-11-02 00:00:00-04:00,17.456172570328683,17.84799669281856,16.952399134325983,17.136316299438477,2462900,0.0,0.0,VICI
2018-11-05 00:00:00-05:00,17.112328629634096,17.42418986697816,17.064350564348544,17.20828628540039,3274000,0.0,0.0,VICI
2018-11-06 00:00:00-05:00,17.224278769988306,17.48816040593989,17.168302583408767,17.43218421936035,3870800,0.0,0.0,VICI
2018-11-07 00:00:00-05:00,17.520149096777253,17.71206291706326,17.44818122352057,17.696069717407227,3289300,0.0,0.0,VICI
2018-11-08 00:00:00-05:00,17.720057208938044,17.744047005297535,17.336229618357752,17.39220428466797,2361600,0.0,0.0,VICI
2018-11-09 00:00:00-05:00,17.33623305657936,17.480168812891954,17.304246655089642,17.35222625732422,2622900,0.0,0.0,VICI
2018-11-12 00:00:00-05:00,17.320238533316893,17.424192805025292,17.164308650949742,17.200292587280273,1598300,0.0,0.0,VICI
2018-11-13 00:00:00-05:00,17.224276808868318,17.272254866707254,17.032361527122664,17.16830062866211,1465600,0.0,0.0,VICI
2018-11-14 00:00:00-05:00,16.880435940014745,17.344228042063882,16.840452941875338,17.144317626953125,8609200,0.0,0.0,VICI
2018-11-15 00:00:00-05:00,17.000379502597312,17.100334696150778,16.828456447669726,16.896425247192383,23564000,0.0,0.0,VICI
2018-11-16 00:00:00-05:00,16.88843158933376,17.128323463889824,16.800470523572045,17.032365798950195,6878900,0.0,0.0,VICI
2018-11-19 00:00:00-05:00,17.064351336311937,17.2082870638752,17.064351336311937,17.12832260131836,10284500,0.0,0.0,VICI
2018-11-20 00:00:00-05:00,17.096338694667995,17.192296368742337,16.97639274597168,16.97639274597168,7044500,0.0,0.0,VICI
2018-11-21 00:00:00-05:00,16.992383472530307,17.21628366265041,16.992383472530307,17.12832260131836,12763200,0.0,0.0,VICI
2018-11-23 00:00:00-05:00,17.080347207929425,17.352225508070287,17.056357407847994,17.31224250793457,18510000,0.0,0.0,VICI
2018-11-26 00:00:00-05:00,17.78402814267397,17.88798239976625,17.208286767531035,17.496156692504883,9646500,0.0,0.0,VICI
2018-11-27 00:00:00-05:00,17.592116603271226,17.736052346783804,17.516151194282003,17.65608787536621,12283800,0.0,0.0,VICI
2018-11-28 00:00:00-05:00,17.640093311684254,17.784029044064237,17.504154178347083,17.624101638793945,7478400,0.0,0.0,VICI
2018-11-29 00:00:00-05:00,17.648088455200195,17.78402757732578,17.568123996562463,17.648088455200195,6533900,0.0,0.0,VICI
2018-11-30 00:00:00-05:00,17.720057128230792,17.79202499178622,17.4081974029541,17.4081974029541,11600700,0.0,0.0,VICI
2018-12-03 00:00:00-05:00,17.480168180469644,17.576124331076024,17.33623242936456,17.400203704833984,5666400,0.0,0.0,VICI
2018-12-04 00:00:00-05:00,17.448177994804453,17.488160986545843,17.120325088500977,17.120325088500977,2735300,0.0,0.0,VICI
2018-12-06 00:00:00-05:00,17.040360279680346,17.504152297973633,16.916416820819606,17.504152297973633,5475700,0.0,0.0,VICI
2018-12-07 00:00:00-05:00,17.60011334115062,17.64809141429979,17.12832463379673,17.216285705566406,4183900,0.0,0.0,VICI
2018-12-10 00:00:00-05:00,17.168304541918516,17.216284135888635,16.55258167125505,16.72850227355957,8461100,0.0,0.0,VICI
2018-12-11 00:00:00-05:00,16.832454929981623,17.008377056644054,16.6725275264284,16.744495391845703,8339400,0.0,0.0,VICI
2018-12-12 00:00:00-05:00,16.856442208166293,16.872435403690506,16.492605398563366,16.512596130371094,2831200,0.0,0.0,VICI
2018-12-13 00:00:00-05:00,16.504600446778422,16.7205040227287,16.448625784538383,16.520593643188477,3947800,0.0,0.0,VICI
2018-12-14 00:00:00-05:00,16.416642891804617,16.62454989456069,16.384656495136603,16.504602432250977,2500000,0.0,0.0,VICI
2018-12-17 00:00:00-05:00,16.51259522544597,16.620547001525807,15.768928451470414,15.784921646118164,4673200,0.0,0.0,VICI
2018-12-18 00:00:00-05:00,15.832899093627931,15.944849926645272,15.680968325924637,15.83289909362793,3454600,0.0,0.0,VICI
2018-12-19 00:00:00-05:00,15.864887408904679,15.968840132339775,15.624995570088233,15.6729736328125,3506500,0.0,0.0,VICI
2018-12-20 00:00:00-05:00,15.672976021495622,15.792921959184536,15.073244807855703,15.273155212402344,5236100,0.0,0.0,VICI
2018-12-21 00:00:00-05:00,15.25716093486751,15.377106864072765,14.865336752692883,14.913314819335938,6262900,0.0,0.0,VICI
2018-12-24 00:00:00-05:00,14.793369687975977,14.889327351632573,14.33357515516346,14.409542083740234,1384100,0.0,0.0,VICI
2018-12-26 00:00:00-05:00,14.473514101869414,14.873334924986274,14.305588563058723,14.865338325500488,5455900,0.0,0.0,VICI
2018-12-27 00:00:00-05:00,14.741877074671446,14.904322624206543,14.32764231763297,14.904322624206543,4592000,0.288,0.0,VICI
2018-12-28 00:00:00-05:00,14.953055806059625,15.11550135707947,14.80685511998088,15.083011627197266,3207300,0.0,0.0,VICI
2018-12-31 00:00:00-05:00,15.074889671768222,15.253580093383789,14.92868898106299,15.253580093383789,3522000,0.0,0.0,VICI
2019-01-02 00:00:00-05:00,15.115504493021211,15.147992680447997,14.888080984250072,15.00991439819336,3745600,0.0,0.0,VICI
2019-01-03 00:00:00-05:00,15.018036059511802,15.436331327229865,15.001791192036425,15.24545955657959,6180600,0.0,0.0,VICI
2019-01-04 00:00:00-05:00,15.36729591385629,15.582535027032687,15.346990600212578,15.41602897644043,4943600,0.0,0.0,VICI
2019-01-07 00:00:00-05:00,15.505369476522615,15.62720287034446,15.383536082700768,15.456636428833008,3441000,0.0,0.0,VICI
2019-01-08 00:00:00-05:00,15.635328168513517,15.96834022894618,15.615022857354635,15.927729606628418,4063500,0.0,0.0,VICI
2019-01-09 00:00:00-05:00,15.992707665947181,16.167336131930448,15.895240002693004,16.13890838623047,2874200,0.0,0.0,VICI
2019-01-10 00:00:00-05:00,16.17951624354514,16.431305469222604,16.17545580165169,16.301349639892578,4687400,0.0,0.0,VICI
2019-01-11 00:00:00-05:00,16.309470320853038,16.561259519482398,16.285103024522897,16.4881591796875,2794300,0.0,0.0,VICI
2019-01-14 00:00:00-05:00,16.41505960694652,16.650605501558058,16.390693858673323,16.609994888305664,2933900,0.0,0.0,VICI
2019-01-15 00:00:00-05:00,16.593746622588142,16.76431302232686,16.577501760938183,16.715579986572266,2544500,0.0,0.0,VICI
2019-01-16 00:00:00-05:00,16.894274784819853,17.04047549292242,16.804931112576146,16.95113182067871,2642100,0.0,0.0,VICI
2019-01-17 00:00:00-05:00,16.967370754361397,17.072960815903823,16.943005008771163,17.048593521118164,2603100,0.0,0.0,VICI
2019-01-18 00:00:00-05:00,17.097324452694536,17.146059036254883,16.938940929111492,17.146059036254883,2973100,0.0,0.0,VICI
2019-01-22 00:00:00-05:00,17.15418834947193,17.16230923412836,16.94300971690012,17.02423095703125,1769900,0.0,0.0,VICI
2019-01-23 00:00:00-05:00,17.024231018658124,17.19479903178182,16.979559956102637,17.072965621948242,4114100,0.0,0.0,VICI
2019-01-24 00:00:00-05:00,17.105450355409957,17.300384081633954,17.056717311152845,17.16230583190918,3783600,0.0,0.0,VICI
2019-01-25 00:00:00-05:00,17.26789521468619,17.462828933152814,17.23540548701068,17.422218322753906,3546100,0.0,0.0,VICI
2019-01-28 00:00:00-05:00,17.389731104322255,17.54405423465796,17.300385889518054,17.430341720581055,3720100,0.0,0.0,VICI
2019-01-29 00:00:00-05:00,17.511565513623676,17.55217768142362,17.365364807935478,17.47095489501953,4460500,0.0,0.0,VICI
2019-01-30 00:00:00-05:00,17.470953209305282,17.531869131333924,17.340997383276065,17.373485565185547,5763600,0.0,0.0,VICI
2019-01-31 00:00:00-05:00,17.324752320689708,17.52780849020046,17.30038502263799,17.487197875976562,4443500,0.0,0.0,VICI
2019-02-01 00:00:00-05:00,17.51156778761013,17.66589094689814,17.349123742903377,17.57654571533203,3684100,0.0,0.0,VICI
2019-02-04 00:00:00-05:00,17.527809435032797,17.552176734398028,17.446586653011074,17.479076385498047,3028000,0.0,0.0,VICI
2019-02-05 00:00:00-05:00,17.46283151925456,17.51156456878931,17.340998120819833,17.479076385498047,5649700,0.0,0.0,VICI
2019-02-06 00:00:00-05:00,17.503442069203455,17.507504060346758,17.316630755699855,17.430341720581055,4181200,0.0,0.0,VICI
2019-02-07 00:00:00-05:00,17.430341720581055,17.511564502294355,17.34912048806346,17.430341720581055,3786100,0.0,0.0,VICI
2019-02-08 00:00:00-05:00,17.42222320928088,17.633400301620018,17.42222320928088,17.617156982421875,6124200,0.0,0.0,VICI
2019-02-11 00:00:00-05:00,17.649642922355575,17.665887788680873,17.544054389632564,17.633398056030273,3809300,0.0,0.0,VICI
2019-02-12 00:00:00-05:00,17.682132248867195,17.70649799859977,17.462831206099906,17.511564254760742,3118600,0.0,0.0,VICI
2019-02-13 00:00:00-05:00,17.511561406235778,17.592784173588825,17.438461070537574,17.519683837890625,3851900,0.0,0.0,VICI
2019-02-14 00:00:00-05:00,17.50344347431257,17.600911130032003,17.32475457955541,17.592788696289062,3006300,0.0,0.0,VICI
2019-02-15 00:00:00-05:00,17.51156092740853,17.633394300509043,17.284139044073022,17.365360260009766,3451200,0.0,0.0,VICI
2019-02-19 00:00:00-05:00,17.34099861720141,17.450649143690097,17.259775832854707,17.316631317138672,3014600,0.0,0.0,VICI
2019-02-20 00:00:00-05:00,17.30038686765299,17.479077307364257,17.276021116198397,17.454710006713867,2095100,0.0,0.0,VICI
2019-02-21 00:00:00-05:00,17.44658798730783,17.61715599751788,17.349121880784228,17.592788696289062,2342300,0.0,0.0,VICI
2019-02-22 00:00:00-05:00,17.58466197706222,17.714617786886592,17.37348339879875,17.438461303710938,2241200,0.0,0.0,VICI
2019-02-25 00:00:00-05:00,17.405974664576238,17.51562517928303,17.300384591512397,17.349119186401367,2692400,0.0,0.0,VICI
2019-02-26 00:00:00-05:00,17.389731963562298,17.40597683054677,17.267898559570312,17.267898559570312,1241600,0.0,0.0,VICI
2019-02-27 00:00:00-05:00,17.202921560350035,17.30851010300141,17.137943638134757,17.243532180786133,2101400,0.0,0.0,VICI
2019-02-28 00:00:00-05:00,17.259776773075718,17.34912199564372,17.12169849692328,17.308509826660156,5454600,0.0,0.0,VICI
2019-03-01 00:00:00-05:00,17.308507756911176,17.324752622562045,16.97955774805722,17.105451583862305,2898100,0.0,0.0,VICI
2019-03-04 00:00:00-05:00,17.137943364516705,17.316632260456867,17.056720575745416,17.308509826660156,2229000,0.0,0.0,VICI
2019-03-05 00:00:00-05:00,17.267897187632837,17.397853014792044,17.09326875441347,17.137941360473633,1810500,0.0,0.0,VICI
2019-03-06 00:00:00-05:00,17.089209545859834,17.170430781799062,16.983619460425604,17.081087112426758,1597600,0.0,0.0,VICI
2019-03-07 00:00:00-05:00,17.105452167565392,17.198857824451753,16.96331346125913,17.007986068725586,1822100,0.0,0.0,VICI
2019-03-08 00:00:00-05:00,16.967373082466896,17.29226419407251,16.934884900823715,17.186674118041992,2577400,0.0,0.0,VICI
2019-03-11 00:00:00-04:00,17.26789488426474,17.479073462528213,17.26789488426474,17.438461303710938,2336700,0.0,0.0,VICI
2019-03-12 00:00:00-04:00,17.46283145294466,17.51968693538526,17.34099805497256,17.430341720581055,2542300,0.0,0.0,VICI
2019-03-13 00:00:00-04:00,17.487196862604165,17.584662950771673,17.25977340822074,17.446584701538086,7793100,0.0,0.0,VICI
2019-03-14 00:00:00-04:00,17.470956116622407,17.503444303938203,17.357245137223273,17.397855758666992,2799200,0.0,0.0,VICI
2019-03-15 00:00:00-04:00,17.42221712605316,17.544050498076846,17.418155135774988,17.495317459106445,4205200,0.0,0.0,VICI
2019-03-18 00:00:00-04:00,17.470951998177732,17.560297203327565,17.349118613370575,17.446584701538086,3146500,0.0,0.0,VICI
2019-03-19 00:00:00-04:00,17.454708343752717,17.495320507634126,17.31663008494722,17.373485565185547,2306700,0.0,0.0,VICI
2019-03-20 00:00:00-04:00,17.357240416598366,17.600907177382773,17.23540548701068,17.422218322753906,2309400,0.0,0.0,VICI
2019-03-21 00:00:00-04:00,17.414101430513533,17.690258006822866,17.34100106918483,17.674013137817383,2682000,0.0,0.0,VICI
2019-03-22 00:00:00-04:00,17.69025363500846,17.82020945654424,17.62283883957238,17.7877197265625,3254400,0.0,0.0,VICI
2019-03-25 00:00:00-04:00,17.787720691453615,17.82833285613379,17.649642429932374,17.79584312438965,2251900,0.0,0.0,VICI
2019-03-26 00:00:00-04:00,17.83645322849788,17.94204330444336,17.779597748771376,17.94204330444336,2781300,0.0,0.0,VICI
2019-03-27 00:00:00-04:00,17.950164988033947,17.982653168295137,17.722741529423338,17.83645248413086,2918600,0.0,0.0,VICI
2019-03-28 00:00:00-04:00,17.843039739057915,17.999413679644203,17.81011824849951,17.941801071166992,2279200,0.288,0.0,VICI
2019-03-29 00:00:00-04:00,18.0158731187317,18.057024982531804,17.888306265409113,18.00764274597168,2699500,0.0,0.0,VICI
2019-04-01 00:00:00-04:00,18.01587144219161,18.08582881925007,17.773080962605682,17.933570861816406,2262700,0.0,0.0,VICI
2019-04-02 00:00:00-04:00,17.95826040801579,17.99941226798634,17.744275445517772,17.933570861816406,1469900,0.0,0.0,VICI
2019-04-03 00:00:00-04:00,17.950029158299994,18.12286382215913,17.851267838765807,18.04056167602539,2709100,0.0,0.0,VICI
2019-04-04 00:00:00-04:00,18.081711801663833,18.081711801663833,17.933569823694203,18.048791885375977,2486800,0.0,0.0,VICI
2019-04-05 00:00:00-04:00,18.05702420663716,18.262778807447297,18.05702420663716,18.205167770385742,2964900,0.0,0.0,VICI
2019-04-08 00:00:00-04:00,18.238090259073758,18.238090259073758,18.08994667445906,18.17224884033203,2966300,0.0,0.0,VICI
2019-04-09 00:00:00-04:00,18.172244266569603,18.27512155557187,18.131093978881836,18.131093978881836,2777300,0.0,0.0,VICI
2019-04-10 00:00:00-04:00,18.1557886011818,18.312162563737306,18.1557886011818,18.303932189941406,4264600,0.0,0.0,VICI
2019-04-11 00:00:00-04:00,18.303929692744383,18.378001477018604,18.168132468097024,18.254549026489258,2220300,0.0,0.0,VICI
2019-04-12 00:00:00-04:00,18.262781800807602,18.312162473556526,18.18047963303721,18.229860305786133,2532600,0.0,0.0,VICI
2019-04-15 00:00:00-04:00,18.24631527782708,18.312156677246094,18.14755239380717,18.312156677246094,1737400,0.0,0.0,VICI
2019-04-16 00:00:00-04:00,18.312159863385286,18.320390235967515,18.048794219886158,18.10640525817871,2313400,0.0,0.0,VICI
2019-04-17 00:00:00-04:00,18.147552765631694,18.147552765631694,17.85126724706695,17.991180419921875,2365900,0.0,0.0,VICI
2019-04-18 00:00:00-04:00,18.073481917980295,18.089942661459958,17.917109564272234,18.02410125732422,2017500,0.0,0.0,VICI
2019-04-22 00:00:00-04:00,17.999414840021846,18.024104389749255,17.70724208672108,17.900651931762695,1842700,0.0,0.0,VICI
2019-04-23 00:00:00-04:00,17.958262694565413,18.238089098862474,17.933573145222415,18.213397979736328,2235600,0.0,0.0,VICI
2019-04-24 00:00:00-04:00,18.312157655094683,18.50968186389929,18.271007366928966,18.50145149230957,5065100,0.0,0.0,VICI
2019-04-25 00:00:00-04:00,18.50968165000279,18.600214166660624,18.402689960138595,18.591983795166016,4864200,0.0,0.0,VICI
2019-04-26 00:00:00-04:00,18.534375192301034,18.74012979726943,18.52614481972833,18.723669052124023,4051700,0.0,0.0,VICI
2019-04-29 00:00:00-04:00,18.75658984536919,18.77304902011987,18.546719277022273,18.600215911865234,2149400,0.0,0.0,VICI
2019-04-30 00:00:00-04:00,18.550836682524455,18.805971963393294,18.484993699298307,18.764820098876953,3067800,0.0,0.0,VICI
2019-05-01 00:00:00-04:00,18.80596765426623,18.92118970894421,18.653709714901364,18.789506912231445,4501700,0.0,0.0,VICI
2019-05-02 00:00:00-04:00,18.723665513875062,18.94176485159631,18.452069549432142,18.789506912231445,4473600,0.0,0.0,VICI
2019-05-03 00:00:00-04:00,18.855353559087735,18.921194975771467,18.63313818911144,18.8142032623291,2106100,0.0,0.0,VICI
2019-05-06 00:00:00-04:00,18.731899424696728,18.76893531638236,18.58375585795419,18.723669052124023,2287800,0.0,0.0,VICI
2019-05-07 00:00:00-04:00,18.70720773227681,18.723668476916526,18.3039289073018,18.435611724853516,2000700,0.0,0.0,VICI
2019-05-08 00:00:00-04:00,18.37800239804901,18.50145485476529,18.22162844899071,18.2874698638916,2399900,0.0,0.0,VICI
2019-05-09 00:00:00-04:00,18.262779627159116,18.287469175703368,17.92534219226749,18.164016723632812,3803200,0.0,0.0,VICI
2019-05-10 00:00:00-04:00,18.155781270961235,18.452068328857422,18.032328853432045,18.452068328857422,2801800,0.0,0.0,VICI
2019-05-13 00:00:00-04:00,18.31216036239113,18.505570198886304,18.196938282666228,18.476764678955078,2267900,0.0,0.0,VICI
2019-05-14 00:00:00-04:00,18.47676272113317,18.47676272113317,18.06525354311045,18.320388793945312,5739400,0.0,0.0,VICI
2019-05-15 00:00:00-04:00,18.320391615671237,18.41092415111069,18.221628707029726,18.35331153869629,1504400,0.0,0.0,VICI
2019-05-16 00:00:00-04:00,18.369772983273446,18.68252089770541,18.312161938452622,18.63313865661621,2396800,0.0,0.0,VICI
2019-05-17 00:00:00-04:00,18.509682565510555,18.62902060341067,18.361539010845988,18.62490463256836,2404000,0.0,0.0,VICI
2019-05-20 00:00:00-04:00,18.62490757523147,18.62490757523147,18.295700496065066,18.35331153869629,1996900,0.0,0.0,VICI
2019-05-21 00:00:00-04:00,18.35330849394509,18.452071386202174,18.32038857638134,18.410921096801758,1375500,0.0,0.0,VICI
2019-05-22 00:00:00-04:00,18.336848769863835,18.50145149230957,18.312157655094683,18.50145149230957,809200,0.0,0.0,VICI
2019-05-23 00:00:00-04:00,18.452072350628114,18.600215911865234,18.369770197742714,18.600215911865234,3885100,0.0,0.0,VICI
2019-05-24 00:00:00-04:00,18.65783111425892,18.814205082681312,18.62902558978418,18.74013328552246,3319400,0.0,0.0,VICI
2019-05-28 00:00:00-04:00,18.830658618120378,18.863580104673545,18.575523376464844,18.575523376464844,3643200,0.0,0.0,VICI
2019-05-29 00:00:00-04:00,18.559068342173752,18.583759464683904,18.312163396205673,18.41915512084961,1600700,0.0,0.0,VICI
2019-05-30 00:00:00-04:00,18.419153879596006,18.567297465106908,18.3368532830084,18.402694702148438,2815900,0.0,0.0,VICI
2019-05-31 00:00:00-04:00,18.26277939916229,18.435612515946758,18.155786124195938,18.254549026489258,3664900,0.0,0.0,VICI
2019-06-03 00:00:00-04:00,18.295699055319602,18.40680673012313,18.106405195928286,18.18870735168457,2594200,0.0,0.0,VICI
2019-06-04 00:00:00-04:00,18.229858940302364,18.238089313441247,17.810119328918358,17.982954025268555,2530600,0.0,0.0,VICI
2019-06-05 00:00:00-04:00,18.04056732772744,18.427385495019664,18.01587620521729,18.41915512084961,1854100,0.0,0.0,VICI
2019-06-06 00:00:00-04:00,18.452074310363482,18.57552676791157,18.271010810611834,18.517915725708008,2160400,0.0,0.0,VICI
2019-06-07 00:00:00-04:00,18.57552815459516,18.596103304091937,18.229860305786133,18.229860305786133,2075700,0.0,0.0,VICI
2019-06-10 00:00:00-04:00,18.279240249278224,18.361542413765143,18.16401816086647,18.345083236694336,1760600,0.0,0.0,VICI
2019-06-11 00:00:00-04:00,18.47676374985881,18.59198582378982,18.34508093114251,18.42738151550293,1827200,0.0,0.0,VICI
2019-06-12 00:00:00-04:00,18.47676309710904,18.55083487624302,18.287467678331666,18.460302352905273,1497200,0.0,0.0,VICI
2019-06-13 00:00:00-04:00,18.43561480849106,18.550838470458984,18.361543015005708,18.550838470458984,1630300,0.0,0.0,VICI
2019-06-14 00:00:00-04:00,18.501452138493686,18.723667469828563,18.501452138493686,18.70720672607422,1132000,0.0,0.0,VICI
2019-06-17 00:00:00-04:00,18.723669804143732,18.859468602372978,18.71132502968039,18.764820098876953,3418200,0.0,0.0,VICI
2019-06-18 00:00:00-04:00,18.78951046292259,18.929423657092418,18.674288386470863,18.723669052124023,3773500,0.0,0.0,VICI
2019-06-19 00:00:00-04:00,18.67428750418877,18.970573053892526,18.67017153320535,18.830659866333008,3251500,0.0,0.0,VICI
2019-06-20 00:00:00-04:00,18.91296147205232,19.151637549140474,18.822430520211068,18.937652587890625,3883900,0.0,0.0,VICI
2019-06-21 00:00:00-04:00,18.96234255906104,18.96234255906104,18.69897538203282,18.756587982177734,3838500,0.0,0.0,VICI
2019-06-24 00:00:00-04:00,18.369767219244533,18.50968038552911,18.229854052959958,18.33684730529785,8832300,0.0,0.0,VICI
2019-06-25 00:00:00-04:00,18.35331028444865,18.419151695782393,17.85950048433712,17.941801071166992,6605000,0.0,0.0,VICI
2019-06-26 00:00:00-04:00,18.065257834937988,18.246321351162027,17.760740280151367,17.760740280151367,36192700,0.0,0.0,VICI
2019-06-27 00:00:00-04:00,17.85082684384809,18.18448684643082,17.85082684384809,18.109413146972656,12567300,0.288,0.0,VICI
2019-06-28 00:00:00-04:00,18.12609572654194,18.393023716557494,18.092730523298158,18.38468360900879,13201500,0.0,0.0,VICI
2019-07-01 00:00:00-04:00,18.609907288989138,18.609907288989138,18.12609980059059,18.593225479125977,9347600,0.0,0.0,VICI
2019-07-02 00:00:00-04:00,18.593220627727515,18.805928364886736,18.56819553293738,18.76004981994629,6241700,0.0,0.0,VICI
2019-07-03 00:00:00-04:00,18.793416981449788,18.96858787536621,18.71834328662381,18.96858787536621,4560000,0.0,0.0,VICI
2019-07-05 00:00:00-04:00,18.87683045379282,18.87683045379282,18.459755085833475,18.618244171142578,3867500,0.0,0.0,VICI
2019-07-08 00:00:00-04:00,18.56819752943434,18.651612930020878,18.359659823476203,18.4764404296875,7738200,0.0,0.0,VICI
2019-07-09 00:00:00-04:00,18.50980676812239,18.5848804676902,18.25956057255756,18.551513671875,5444200,0.0,0.0,VICI
2019-07-10 00:00:00-04:00,18.64327204101108,18.75171095277433,18.44724607976679,18.609905242919922,4696800,0.0,0.0,VICI
2019-07-11 00:00:00-04:00,18.626586550244518,18.735025449830346,18.368000258142686,18.418048858642578,7774700,0.0,0.0,VICI
2019-07-12 00:00:00-04:00,18.40970540480705,18.609901378735525,18.342973413497557,18.576536178588867,7009100,0.0,0.0,VICI
2019-07-15 00:00:00-04:00,18.60990243323801,18.776733216473044,18.56819553293738,18.76004981994629,9295300,0.0,0.0,VICI
2019-07-16 00:00:00-04:00,18.684972777283846,18.768388153949036,18.43889829118032,18.543167114257812,6852300,0.0,0.0,VICI
2019-07-17 00:00:00-04:00,18.584877568380566,18.643267860931672,18.22619252440531,18.259557723999023,7780000,0.0,0.0,VICI
2019-07-18 00:00:00-04:00,18.209513511278026,18.368002622783475,18.11358635171372,18.34297752380371,6039100,0.0,0.0,VICI
2019-07-19 00:00:00-04:00,18.342974654286653,18.37634144770654,17.980119526434887,18.051021575927734,5574500,0.0,0.0,VICI
2019-07-22 00:00:00-04:00,18.00096979441442,18.11775036870578,17.959262901029216,17.99262809753418,3715500,0.0,0.0,VICI
2019-07-23 00:00:00-04:00,18.01765536361165,18.042678866257685,17.663140362969592,17.9008731842041,7584000,0.0,0.0,VICI
2019-07-24 00:00:00-04:00,17.842482163346723,17.934239245355094,17.683994682989148,17.892532348632812,3808700,0.0,0.0,VICI
2019-07-25 00:00:00-04:00,17.8424841081713,17.942582898638086,17.74238690872081,17.750728607177734,5203400,0.0,0.0,VICI
2019-07-26 00:00:00-04:00,17.800780563972218,17.867512573196375,17.717365154687872,17.8258056640625,4914700,0.0,0.0,VICI
2019-07-29 00:00:00-04:00,17.85916645374748,17.89253324561093,17.704849018919532,17.742385864257812,4350700,0.0,0.0,VICI
2019-07-30 00:00:00-04:00,17.633946423624725,18.025998296103747,17.500482430317568,17.925899505615234,8510600,0.0,0.0,VICI
2019-07-31 00:00:00-04:00,17.959266525985246,18.009315126352657,17.66731344031209,17.800777435302734,4356700,0.0,0.0,VICI
2019-08-01 00:00:00-04:00,17.84248317813184,18.05102085563601,17.467116313234058,17.49213981628418,6887900,0.0,0.0,VICI
2019-08-02 00:00:00-04:00,17.500481035477,17.725702102863146,17.291943363678612,17.70901870727539,3537700,0.0,0.0,VICI
2019-08-05 00:00:00-04:00,17.55887519428487,17.56721689391502,17.237728509114984,17.392045974731445,3696200,0.0,0.0,VICI
2019-08-06 00:00:00-04:00,17.483798703937005,17.600580889142357,17.28360271774875,17.4003849029541,2851100,0.0,0.0,VICI
2019-08-07 00:00:00-04:00,17.341995060369825,17.58389795338948,17.10009057633386,17.5004825592041,6495900,0.0,0.0,VICI
2019-08-08 00:00:00-04:00,17.575554675411436,17.6756534576416,17.4337489953448,17.6756534576416,2871200,0.0,0.0,VICI
2019-08-09 00:00:00-04:00,17.700678688408175,17.734045482748552,17.45043409492063,17.658971786499023,2420300,0.0,0.0,VICI
2019-08-12 00:00:00-04:00,17.709020433346673,17.767410732578846,17.575556437668464,17.692337036132812,3816900,0.0,0.0,VICI
2019-08-13 00:00:00-04:00,17.558872544917296,17.89253411571272,17.558872544917296,17.734045028686523,2192600,0.0,0.0,VICI
2019-08-14 00:00:00-04:00,17.800779590324826,17.817462989472485,17.233556747436523,17.233556747436523,7969000,0.0,0.0,VICI
2019-08-15 00:00:00-04:00,17.250236776923543,17.50048135118961,17.100089395957422,17.158479690551758,2642900,0.0,0.0,VICI
2019-08-16 00:00:00-04:00,17.18350371195893,17.404553125132093,17.078401188248595,17.291942596435547,2803300,0.0,0.0,VICI
2019-08-19 00:00:00-04:00,17.408723196640718,17.64228433934145,17.350331319949575,17.608919143676758,3418700,0.0,0.0,VICI
2019-08-20 00:00:00-04:00,17.633944235729007,17.633944235729007,17.291942596435547,17.291942596435547,3828900,0.0,0.0,VICI
2019-08-21 00:00:00-04:00,17.408726876843108,17.529677526589527,17.333653181957033,17.48379898071289,1804000,0.0,0.0,VICI
2019-08-22 00:00:00-04:00,17.53384818815986,17.759069260189538,17.53384818815986,17.742385864257812,1667600,0.0,0.0,VICI
2019-08-23 00:00:00-04:00,17.700678733991005,17.80077752625359,17.458775838465606,17.517166137695312,2384600,0.0,0.0,VICI
2019-08-26 00:00:00-04:00,17.875849157538013,18.092728523204404,17.85082406460938,18.084386825561523,4779800,0.0,0.0,VICI
2019-08-27 00:00:00-04:00,18.217853319765094,18.317950523260127,18.159463019223598,18.167804718017578,3916500,0.0,0.0,VICI
2019-08-28 00:00:00-04:00,18.176146281444655,18.28458518292607,18.159462883980943,18.184486389160156,1828100,0.0,0.0,VICI
2019-08-29 00:00:00-04:00,18.276243164712607,18.43473225581465,18.25205335252453,18.418048858642578,2309900,0.0,0.0,VICI
2019-08-30 00:00:00-04:00,18.509804451639695,18.52648625644319,18.430559117004258,18.484779357910156,2782700,0.0,0.0,VICI
2019-09-03 00:00:00-04:00,18.418047365647585,18.509804451639695,18.376340467114552,18.484779357910156,3520200,0.0,0.0,VICI
2019-09-04 00:00:00-04:00,18.568193015094653,18.59321810649139,18.455582490333406,18.501461029052734,3884100,0.0,0.0,VICI
2019-09-05 00:00:00-04:00,18.53482918369434,18.68497657399785,18.434731984169535,18.50980567932129,3680700,0.0,0.0,VICI
2019-09-06 00:00:00-04:00,18.50980803067946,18.6265886419655,18.50980803067946,18.609905242919922,2556900,0.0,0.0,VICI
2019-09-09 00:00:00-04:00,18.58487812620157,18.659951816310926,18.176144475059623,18.309608459472656,3518100,0.0,0.0,VICI
2019-09-10 00:00:00-04:00,18.259557439432626,18.317947731073748,18.027663657762954,18.176143646240234,2968000,0.0,0.0,VICI
2019-09-11 00:00:00-04:00,18.159461801633984,18.367999484451968,18.1260950086953,18.317949295043945,2047200,0.0,0.0,VICI
2019-09-12 00:00:00-04:00,18.393023353010822,18.493122142796313,18.301267852641764,18.351316452026367,1826800,0.0,0.0,VICI
2019-09-13 00:00:00-04:00,18.426390832918777,18.509806229010852,18.09273083956682,18.151121139526367,1713600,0.0,0.0,VICI
2019-09-16 00:00:00-04:00,18.134435772869505,18.490618154960927,18.126094075064493,18.434730529785156,2159300,0.0,0.0,VICI
2019-09-17 00:00:00-04:00,18.48477846915943,18.689146080584138,18.44307157263167,18.634925842285156,5012800,0.0,0.0,VICI
2019-09-18 00:00:00-04:00,18.684974903247937,18.801757080272992,18.609901214809028,18.735023498535156,4562500,0.0,0.0,VICI
2019-09-19 00:00:00-04:00,18.818442199272628,18.993614700156098,18.73502679842414,18.951906204223633,5569000,0.0,0.0,VICI
2019-09-20 00:00:00-04:00,18.960247349812242,19.143761544523986,18.9018570482281,19.135419845581055,10972400,0.0,0.0,VICI
2019-09-23 00:00:00-04:00,19.185466352980495,19.185466352980495,18.926880078055298,19.11873435974121,4173000,0.0,0.0,VICI
2019-09-24 00:00:00-04:00,19.110390990416736,19.202148069727247,19.072854148063897,19.168781280517578,4780600,0.0,0.0,VICI
2019-09-25 00:00:00-04:00,19.118733236505037,19.235513820058806,18.876828780839517,19.21883201599121,4143400,0.0,0.0,VICI
2019-09-26 00:00:00-04:00,19.259396541754377,19.31855195317443,18.912911852832217,19.01432228088379,4232400,0.298,0.0,VICI
2019-09-27 00:00:00-04:00,19.06502906004681,19.12418447882387,18.872351640582128,19.022775650024414,3338100,0.0,0.0,VICI
2019-09-30 00:00:00-04:00,19.031224848269808,19.208691087758808,18.988969830393295,19.141084671020508,3291500,0.0,0.0,VICI
2019-10-01 00:00:00-04:00,19.124184027161192,19.23404546960762,19.010099500422243,19.090381622314453,1883900,0.0,0.0,VICI
2019-10-02 00:00:00-04:00,19.07348052756827,19.149537956946837,18.980521089024624,19.107284545898438,3571700,0.0,0.0,VICI
2019-10-03 00:00:00-04:00,19.107285089954097,19.310104370117188,18.90446580979101,19.310104370117188,2796400,0.0,0.0,VICI
2019-10-04 00:00:00-04:00,19.310102928583905,19.40306075097063,19.204467793976622,19.394611358642578,2730900,0.0,0.0,VICI
2019-10-07 00:00:00-04:00,19.394611366826137,19.496020193447944,19.217143502441616,19.47066879272461,7656900,0.0,0.0,VICI
2019-10-08 00:00:00-04:00,19.428414389572048,19.48756980895996,19.21714411354991,19.48756980895996,6248700,0.0,0.0,VICI
2019-10-09 00:00:00-04:00,19.538272452123508,19.580525855264803,19.381931314399882,19.419960021972656,2531500,0.0,0.0,VICI
2019-10-10 00:00:00-04:00,19.403061376178247,19.49602081342456,19.32277925156098,19.48756980895996,3047500,0.0,0.0,VICI
2019-10-11 00:00:00-04:00,19.555175602703397,19.576303919116242,19.335454329296542,19.394611358642578,4317100,0.0,0.0,VICI
2019-10-14 00:00:00-04:00,19.369256073224307,19.436862486965275,19.187563534070943,19.42841148376465,3770400,0.0,0.0,VICI
2019-10-15 00:00:00-04:00,19.428413324859743,19.55517516115339,19.381933608783758,19.53827476501465,4427500,0.0,0.0,VICI
2019-10-16 00:00:00-04:00,19.58052924620627,19.790954905341238,19.47066941189505,19.48756980895996,6538300,0.0,0.0,VICI
2019-10-17 00:00:00-04:00,19.479118354689184,19.627008511608217,19.466442654217133,19.55517578125,3733600,0.0,0.0,VICI
2019-10-18 00:00:00-04:00,19.54672477698055,19.656586220619175,19.50447136749754,19.55517578125,3519600,0.0,0.0,VICI
2019-10-21 00:00:00-04:00,19.555171602322755,19.867852246015826,19.525593899632533,19.850950241088867,4738400,0.0,0.0,VICI
2019-10-22 00:00:00-04:00,19.85940598052387,19.986167823984143,19.779123855767363,19.94391441345215,4289300,0.0,0.0,VICI
2019-10-23 00:00:00-04:00,19.901657575148818,20.112927832260226,19.834051157347734,19.98616600036621,6001700,0.0,0.0,VICI
2019-10-24 00:00:00-04:00,19.99461374194068,20.07912215337047,19.867851930727934,20.036867141723633,3188100,0.0,0.0,VICI
2019-10-25 00:00:00-04:00,19.994617462158203,20.159408008582247,19.888982331182362,19.994617462158203,4084900,0.0,0.0,VICI
2019-10-28 00:00:00-04:00,20.02842620511072,20.1298350521393,19.914340043305145,20.087581634521484,5525800,0.0,0.0,VICI
2019-10-29 00:00:00-04:00,20.096025538739607,20.243914060004606,20.053770524189613,20.06222152709961,4568100,0.0,0.0,VICI
2019-10-30 00:00:00-04:00,20.104479473205846,20.273494720458984,20.045322444209805,20.273494720458984,4283400,0.0,0.0,VICI
2019-10-31 00:00:00-04:00,20.273495142521543,20.290397151157997,19.89320961938685,19.90165901184082,5844600,0.0,0.0,VICI
2019-11-01 00:00:00-04:00,20.104477673821773,20.78899282943984,20.062222656892214,20.72983741760254,9226600,0.0,0.0,VICI
2019-11-04 00:00:00-05:00,20.788994827610257,20.89885465845832,20.636879975771215,20.772092819213867,4112200,0.0,0.0,VICI
2019-11-05 00:00:00-05:00,20.704489221775578,20.746742636666074,20.10448234863539,20.332653045654297,4890000,0.0,0.0,VICI
2019-11-06 00:00:00-05:00,20.383358538862716,20.560824810948265,20.31152580121065,20.434062957763672,4463500,0.0,0.0,VICI
2019-11-07 00:00:00-05:00,20.40870756300719,20.425609571291773,20.252368016035373,20.273494720458984,5217600,0.0,0.0,VICI
2019-11-08 00:00:00-05:00,20.19743634410975,20.586174457031493,20.15518293725189,20.51856803894043,3763400,0.0,0.0,VICI
2019-11-11 00:00:00-05:00,20.577724558248086,20.95801007598145,20.543920541455307,20.772092819213867,5104300,0.0,0.0,VICI
2019-11-12 00:00:00-05:00,20.831245366436296,20.915753784909743,20.51011531047401,20.603073120117188,3429600,0.0,0.0,VICI
2019-11-13 00:00:00-05:00,20.543920440161003,20.80589673342064,20.518569039555654,20.57772445678711,3602300,0.0,0.0,VICI
2019-11-14 00:00:00-05:00,20.619978421432915,20.788995285390147,20.58617601576003,20.78054428100586,4063300,0.0,0.0,VICI
2019-11-15 00:00:00-05:00,20.772091457917895,20.822795867919922,20.674907333803954,20.822795867919922,2400100,0.0,0.0,VICI
2019-11-18 00:00:00-05:00,20.83969832202125,20.918291206921147,20.687583476889625,20.755189895629883,2782600,0.0,0.0,VICI
2019-11-19 00:00:00-05:00,20.70448593135571,20.734063639451364,20.510117674765898,20.687583923339844,6405200,0.0,0.0,VICI
2019-11-20 00:00:00-05:00,20.628430336303364,20.89040503632212,20.628430336303364,20.873504638671875,5815400,0.0,0.0,VICI
2019-11-21 00:00:00-05:00,20.890403551257446,20.9073055595705,20.548146748171384,20.57772445678711,3966500,0.0,0.0,VICI
2019-11-22 00:00:00-05:00,20.628429406282066,20.729839846933224,20.417159132467734,20.552371978759766,3494100,0.0,0.0,VICI
2019-11-25 00:00:00-05:00,20.63687951115646,20.91575619596138,20.560822086949283,20.687583923339844,5429000,0.0,0.0,VICI
2019-11-26 00:00:00-05:00,20.70448730895985,20.814347144644238,20.632656187909344,20.78899574279785,22601900,0.0,0.0,VICI
2019-11-27 00:00:00-05:00,20.73829007120811,21.038293461891964,20.712937059032942,21.034067153930664,2503400,0.0,0.0,VICI
2019-11-29 00:00:00-05:00,20.96645971933523,21.07632115491689,20.87350190291706,20.898853302001953,1070600,0.0,0.0,VICI
2019-12-02 00:00:00-05:00,20.84814931423646,20.89040272147653,20.552370627963477,20.67913246154785,4423800,0.0,0.0,VICI
2019-12-03 00:00:00-05:00,20.586177002627455,20.8988561205141,20.57772599783804,20.83970069885254,3248800,0.0,0.0,VICI
2019-12-04 00:00:00-05:00,20.763641347547022,20.983362616160623,20.687583923339844,20.687583923339844,3653100,0.0,0.0,VICI
2019-12-05 00:00:00-05:00,20.72138977676926,20.93688475655507,20.704487767254673,20.873504638671875,5776500,0.0,0.0,VICI
2019-12-06 00:00:00-05:00,20.907305695044734,21.101673956311615,20.797445864026482,21.076322555541992,3393100,0.0,0.0,VICI
2019-12-09 00:00:00-05:00,21.076321639646086,21.13547705469019,20.991813213069868,21.059419631958008,2690500,0.0,0.0,VICI
2019-12-10 00:00:00-05:00,21.025614701421624,21.143927138224335,20.928430579241464,21.042516708374023,5947600,0.0,0.0,VICI
2019-12-11 00:00:00-05:00,21.042517513731305,21.169279346997655,20.772091839599316,20.86505126953125,2700300,0.0,0.0,VICI
2019-12-12 00:00:00-05:00,20.941110685048432,21.08477453958806,20.69181169075508,20.831249237060547,2824200,0.0,0.0,VICI
2019-12-13 00:00:00-05:00,20.81434519915632,20.924206636436423,20.510117122385317,20.560821533203125,6139600,0.0,0.0,VICI
2019-12-16 00:00:00-05:00,20.57772025493278,20.84814588526532,20.40025242761211,20.797441482543945,6800300,0.0,0.0,VICI
2019-12-17 00:00:00-05:00,20.831244477032087,21.118572120455752,20.76786437478107,21.000261306762695,3242200,0.0,0.0,VICI
2019-12-18 00:00:00-05:00,21.017165250764243,21.228435501483425,20.94955883500867,21.15237808227539,4195200,0.0,0.0,VICI
2019-12-19 00:00:00-05:00,21.211536045386058,21.39745330810547,21.11857660809421,21.39745330810547,3944200,0.0,0.0,VICI
2019-12-20 00:00:00-05:00,21.583368262306283,21.583368262306283,21.359420714223024,21.43125343322754,3467000,0.0,0.0,VICI
2019-12-23 00:00:00-05:00,21.515759316774155,21.53266132191723,21.334068403009834,21.414350509643555,2799300,0.0,0.0,VICI
2019-12-24 00:00:00-05:00,21.380550212660484,21.439707240935448,21.245337371760414,21.296043395996094,1061200,0.0,0.0,VICI
2019-12-26 00:00:00-05:00,21.379851632208023,21.499578279379357,21.32426356124138,21.405508041381836,1940100,0.298,0.0,VICI
2019-12-27 00:00:00-05:00,21.499576633042153,21.58509635925293,21.409781654539735,21.58509635925293,1176000,0.0,0.0,VICI
2019-12-30 00:00:00-05:00,21.5679937459677,21.63640920596561,21.465371371547455,21.619306564331055,2036900,0.0,0.0,VICI
2019-12-31 00:00:00-05:00,21.653514033828728,21.850208282470703,21.623582371259438,21.850208282470703,1732700,0.0,0.0,VICI
2020-01-02 00:00:00-05:00,21.910072677110474,21.944279591532812,21.40978330056377,21.619306564331055,2070400,0.0,0.0,VICI
2020-01-03 00:00:00-05:00,21.516683109250312,21.704825221269765,21.439715510889336,21.636409759521484,1944000,0.0,0.0,VICI
2020-01-06 00:00:00-05:00,21.55944010036217,21.67061623454695,21.354193734736175,21.414058685302734,4170500,0.0,0.0,VICI
2020-01-07 00:00:00-05:00,21.319988665467537,21.44826745117722,21.131844924016967,21.328540802001953,3174800,0.0,0.0,VICI
2020-01-08 00:00:00-05:00,21.37129831427281,21.508129226661783,21.157499809770897,21.465370178222656,4320000,0.0,0.0,VICI
2020-01-09 00:00:00-05:00,21.422607632083007,21.696271064169856,21.401228109726237,21.679166793823242,3412800,0.0,0.0,VICI
2020-01-10 00:00:00-05:00,21.747584990076735,21.798896176442536,21.627858344838806,21.696273803710938,4035400,0.0,0.0,VICI
2020-01-13 00:00:00-05:00,21.72192583853678,21.7475822440567,21.576542802896547,21.679166793823242,4080800,0.0,0.0,VICI
2020-01-14 00:00:00-05:00,21.687719552358875,21.880136890253382,21.602199829320735,21.781789779663086,6286200,0.0,0.0,VICI
2020-01-15 00:00:00-05:00,21.935727309665747,22.354772203268073,21.80744852691454,22.217941284179688,6235100,0.0,0.0,VICI
2020-01-16 00:00:00-05:00,22.346218694527757,22.444567440788543,22.27780323918533,22.397531509399414,2938400,0.0,0.0,VICI
2020-01-17 00:00:00-05:00,22.39753264604398,22.59422688624128,22.346219828568262,22.4659481048584,2536100,0.0,0.0,VICI
2020-01-21 00:00:00-05:00,22.483052436513365,22.72250572741733,22.474500300244905,22.551467895507812,3232400,0.0,0.0,VICI
2020-01-22 00:00:00-05:00,22.611330234365536,22.816576602418166,22.602778098469198,22.705400466918945,2841200,0.0,0.0,VICI
2020-01-23 00:00:00-05:00,22.705399147442794,22.880713845246778,22.633563167471937,22.756711959838867,2861900,0.0,0.0,VICI
2020-01-24 00:00:00-05:00,22.790922164916996,22.970513771958764,22.705402429713928,22.790922164916992,2351600,0.0,0.0,VICI
2020-01-27 00:00:00-05:00,22.679746677228255,22.679746677228255,22.41036009380808,22.551467895507812,3371700,0.0,0.0,VICI
2020-01-28 00:00:00-05:00,22.59422636060302,22.636985409684822,22.470222834651366,22.500154495239258,2001000,0.0,0.0,VICI
2020-01-29 00:00:00-05:00,22.577122878217864,22.867888989373476,22.491603145909764,22.859336853027344,1930900,0.0,0.0,VICI
2020-01-30 00:00:00-05:00,22.74816050967732,23.201412281424556,22.71395196704948,22.944854736328125,5231900,0.0,0.0,VICI
2020-01-31 00:00:00-05:00,22.92775112577159,23.038927261362975,22.752436417634225,22.919198989868164,3314000,0.0,0.0,VICI
2020-02-03 00:00:00-05:00,22.902096518254503,23.107342887992207,22.850783702455214,22.961959838867188,2569800,0.0,0.0,VICI
2020-02-04 00:00:00-05:00,23.0645796002809,23.227066902966808,23.047476961434725,23.11589241027832,2528200,0.0,0.0,VICI
2020-02-05 00:00:00-05:00,23.141551917119685,23.23562379020192,22.91920125511377,23.056032180786133,7014900,0.0,0.0,VICI
2020-02-06 00:00:00-05:00,23.11589873240823,23.355352053274117,22.98761830348332,23.218521118164062,4119200,0.0,0.0,VICI
2020-02-07 00:00:00-05:00,23.269827514883506,23.269827514883506,23.098789696825353,23.192861557006836,1926400,0.0,0.0,VICI
2020-02-10 00:00:00-05:00,23.295486042824287,23.500732421875,23.13299871439335,23.500732421875,2392600,0.0,0.0,VICI
2020-02-11 00:00:00-05:00,23.50928129867512,23.688872874914942,23.46652225398388,23.680320739746094,3112100,0.0,0.0,VICI
2020-02-12 00:00:00-05:00,23.663215535853098,23.834254970176268,23.512700898894828,23.705974578857422,3088500,0.0,0.0,VICI
2020-02-13 00:00:00-05:00,23.64611395520842,23.851360321044925,23.629009683600433,23.851360321044922,4303100,0.0,0.0,VICI
2020-02-14 00:00:00-05:00,23.88556981657975,24.039505004882812,23.800050086283253,24.039505004882812,4269500,0.0,0.0,VICI
2020-02-18 00:00:00-05:00,24.022401277939,24.065160328481355,23.735910419614914,23.842809677124023,3292200,0.0,0.0,VICI
2020-02-19 00:00:00-05:00,23.834258794134804,23.877017843999376,23.40666177087633,23.49217987060547,4052500,0.0,0.0,VICI
2020-02-20 00:00:00-05:00,23.52638879609907,24.08226460909905,23.500732387073267,24.056608200073242,4465100,0.0,0.0,VICI
2020-02-21 00:00:00-05:00,24.270407551797465,24.586830082743695,23.76584453945609,24.073713302612305,4698700,0.0,0.0,VICI
2020-02-24 00:00:00-05:00,23.782943378448945,23.89411950579511,23.492177303909294,23.517833709716797,4663300,0.0,0.0,VICI
2020-02-25 00:00:00-05:00,23.569146429628805,23.68032256423659,22.75671309982888,22.82512855529785,7014300,0.0,0.0,VICI
2020-02-26 00:00:00-05:00,22.825126306772493,23.180030937320446,21.901516933350432,21.92717170715332,9770700,0.0,0.0,VICI
2020-02-27 00:00:00-05:00,21.60220478472707,21.888694046797628,20.72135420833297,21.20881462097168,12384500,0.0,0.0,VICI
2020-02-28 00:00:00-05:00,20.593072124704488,21.431161880493164,20.19113151884335,21.431161880493164,10429700,0.0,0.0,VICI
2020-03-02 00:00:00-05:00,21.52523766937492,21.65351647070161,20.575971603481186,21.089088439941406,6889900,0.0,0.0,VICI
2020-03-03 00:00:00-05:00,21.396955309299898,21.82455233003977,21.03777374663228,21.140396118164062,6748000,0.0,0.0,VICI
2020-03-04 00:00:00-05:00,21.379850382068334,21.940003049293654,21.208810926550534,21.935726165771484,4536600,0.0,0.0,VICI
2020-03-05 00:00:00-05:00,21.54233957320378,21.610755035123923,20.95225519467174,21.29433250427246,5566900,0.0,0.0,VICI
2020-03-06 00:00:00-05:00,20.832527347111526,21.024944701288202,20.289478935693115,20.712799072265625,4989500,0.0,0.0,VICI
2020-03-09 00:00:00-04:00,19.583943178226285,19.70367145293988,18.429430898676134,18.532054901123047,4455300,0.0,0.0,VICI
2020-03-10 00:00:00-04:00,19.053723908984527,19.695119442706567,18.4208805114505,19.686567306518555,3999400,0.0,0.0,VICI
2020-03-11 00:00:00-04:00,19.199102746391297,19.224757518169202,17.59988951573753,17.634098052978516,4945900,0.0,0.0,VICI
2020-03-12 00:00:00-04:00,16.496693828146764,16.736147115606034,13.76007224543052,13.879798889160156,11594700,0.0,0.0,VICI
2020-03-13 00:00:00-04:00,15.17114112589598,15.632946661593683,13.512065150816703,15.051414489746094,13095400,0.0,0.0,VICI
2020-03-16 00:00:00-04:00,13.178540196604356,13.178540196604356,9.928802639396425,10.74123764038086,14389300,0.0,0.0,VICI
2020-03-17 00:00:00-04:00,10.886620275421343,11.241526602503953,8.868362534945696,11.134627342224121,13182900,0.0,0.0,VICI
2020-03-18 00:00:00-04:00,10.134049275779631,10.364951232808787,8.42366126741693,9.57817268371582,12937200,0.0,0.0,VICI
2020-03-19 00:00:00-04:00,9.415686749129458,10.946484076231192,8.423661774995589,9.826179504394531,9753600,0.0,0.0,VICI
2020-03-20 00:00:00-04:00,9.834730686953046,11.476703179933939,9.834730686953046,10.527438163757324,13213000,0.0,0.0,VICI
2020-03-23 00:00:00-04:00,10.407711732614919,10.52743919412978,9.629485271709838,10.03997802734375,9180000,0.0,0.0,VICI
2020-03-24 00:00:00-04:00,10.775444368570259,11.48525529976397,10.317914908672348,11.211592674255371,7614400,0.0,0.0,VICI
2020-03-25 00:00:00-04:00,11.639189820591081,14.076492183961257,11.639189820591081,13.195643424987793,8514500,0.0,0.0,VICI
2020-03-26 00:00:00-04:00,13.520617962489162,14.238980262038217,13.264059590576208,13.811383247375488,6193700,0.0,0.0,VICI
2020-03-27 00:00:00-04:00,13.135780495094664,14.153461069740674,12.93908625236561,13.777176856994629,6137500,0.0,0.0,VICI
2020-03-30 00:00:00-04:00,13.679588957167471,14.115245492680293,12.529458163017672,13.975835800170898,5639800,0.298,0.0,VICI
2020-03-31 00:00:00-04:00,14.001972839907053,14.768727742759182,13.679587746767593,14.49862003326416,8263300,0.0,0.0,VICI
2020-04-01 00:00:00-04:00,13.714440485485827,13.958408262406715,12.860555759104495,13.104522705078125,5662800,0.0,0.0,VICI
2020-04-02 00:00:00-04:00,13.331063493122508,13.426907440122854,12.555596111565137,12.921546936035156,5291200,0.0,0.0,VICI
2020-04-03 00:00:00-04:00,12.782138402959081,12.912834781587144,11.623294298506252,12.006670951843262,4043100,0.0,0.0,VICI
2020-04-06 00:00:00-04:00,12.076375943160183,12.956400673952926,12.032811037058368,12.424901008605957,8544200,0.0,0.0,VICI
2020-04-07 00:00:00-04:00,13.53146543203917,14.089105011631629,12.590449212753152,12.65144157409668,8567700,0.0,0.0,VICI
2020-04-08 00:00:00-04:00,12.921548232755105,14.06296572238027,12.555597371560712,13.871277809143066,4330600,0.0,0.0,VICI
2020-04-09 00:00:00-04:00,14.245941322724125,15.7533096035818,14.245941322724125,14.951703071594238,4932800,0.0,0.0,VICI
2020-04-13 00:00:00-04:00,14.803579997508127,14.803579997508127,13.627310144936828,14.446342468261719,2984100,0.0,0.0,VICI
2020-04-14 00:00:00-04:00,14.672885394358323,15.404787167427578,14.672885394358323,14.794868469238281,9244400,0.0,0.0,VICI
2020-04-15 00:00:00-04:00,14.01068823624948,14.341785860428462,13.810286998933393,14.019401550292969,3344300,0.0,0.0,VICI
2020-04-16 00:00:00-04:00,14.019399092277919,14.202373669426176,13.531464393707585,13.723153114318848,7078200,0.0,0.0,VICI
2020-04-17 00:00:00-04:00,14.55961372583153,14.635419391820419,13.91484427461318,14.019401550292969,4253600,0.0,0.0,VICI
2020-04-20 00:00:00-04:00,13.688302845141695,14.054252887862981,13.50532740830738,13.662163734436035,3657800,0.0,0.0,VICI
2020-04-21 00:00:00-04:00,13.095811636162328,13.66652126798285,12.982541041242545,13.374631881713867,3282500,0.0,0.0,VICI
2020-04-22 00:00:00-04:00,13.731867427289306,13.805928927174929,13.258745159336375,13.505326271057129,2969500,0.0,0.0,VICI
2020-04-23 00:00:00-04:00,13.609883737385017,13.718797660537216,13.235219575838324,13.313637733459473,3111700,0.0,0.0,VICI
2020-04-24 00:00:00-04:00,13.470474014272384,13.897416392510422,13.296211903863723,13.575031280517578,3275500,0.0,0.0,VICI
2020-04-27 00:00:00-04:00,13.662162740904993,14.516047496737912,13.592457896794032,14.211088180541992,5262600,0.0,0.0,VICI
2020-04-28 00:00:00-04:00,14.507335005640627,14.969130662730539,14.22851561339565,14.620606422424316,7926200,0.0,0.0,VICI
2020-04-29 00:00:00-04:00,14.864570168639235,15.988562532457626,14.812291956476223,15.596471786499023,11952600,0.0,0.0,VICI
2020-04-30 00:00:00-04:00,15.030121586905297,15.422212380017188,14.550900983674852,15.178244590759277,7032400,0.0,0.0,VICI
2020-05-01 00:00:00-04:00,14.92556517083108,15.143393044474758,13.97583717068785,14.42891788482666,5215000,0.0,0.0,VICI
2020-05-04 00:00:00-04:00,14.089104878316064,14.341784310694516,13.505326195641581,14.272079467773438,3768100,0.0,0.0,VICI
2020-05-05 00:00:00-04:00,14.455054895797193,14.786152465340088,14.150095602176835,14.315645217895508,2666300,0.0,0.0,VICI
2020-05-06 00:00:00-04:00,14.481195597707455,14.559612091507118,13.86256366521926,14.158809661865234,3148500,0.0,0.0,VICI
2020-05-07 00:00:00-04:00,14.49862218979261,14.794868219699936,14.30693426651511,14.437630653381348,4977500,0.0,0.0,VICI
2020-05-08 00:00:00-04:00,14.80358031300546,14.995268220475923,14.568325838909038,14.890711784362793,3558200,0.0,0.0,VICI
2020-05-11 00:00:00-04:00,14.542188099316027,14.925563928453116,14.411491718387717,14.550901412963867,3819500,0.0,0.0,VICI
2020-05-12 00:00:00-04:00,14.542189095815553,14.646745542965043,13.58374613350649,13.740582466125488,5403300,0.0,0.0,VICI
2020-05-13 00:00:00-04:00,13.557606223627097,13.67523263521968,12.808277861622292,12.956400871276855,5234900,0.0,0.0,VICI
2020-05-14 00:00:00-04:00,12.607876338376563,13.544535938160816,12.17222063327251,13.235219955444336,10437300,0.0,0.0,VICI
2020-05-15 00:00:00-04:00,13.034817290853306,13.453046322724267,12.747284623705214,13.331063270568848,3272200,0.0,0.0,VICI
2020-05-18 00:00:00-04:00,14.1239581051633,14.577040467589528,13.993261717281243,14.394065856933594,4346700,0.0,0.0,VICI
2020-05-19 00:00:00-04:00,14.3243596376695,15.17824439629,14.080391851537396,15.021408081054688,3848000,0.0,0.0,VICI
2020-05-20 00:00:00-04:00,15.239238813174843,16.101837048423054,15.195673900423932,15.613903045654297,6819800,0.0,0.0,VICI
2020-05-21 00:00:00-04:00,15.448352669588466,16.13668956002613,15.448352669588466,15.971139907836914,3800900,0.0,0.0,VICI
2020-05-22 00:00:00-04:00,15.918859675725454,16.511351693586562,15.762023357833444,16.40679359436035,3208600,0.0,0.0,VICI
2020-05-26 00:00:00-04:00,17.330384913247944,17.696335803601198,16.920869113381467,17.278106689453125,5704800,0.0,0.0,VICI
2020-05-27 00:00:00-04:00,17.522072655068538,17.896736820176187,16.859875796582045,17.478506088256836,4441100,0.0,0.0,VICI
2020-05-28 00:00:00-04:00,17.705048155460695,17.88802442163837,16.868589972633266,16.886014938354492,4164300,0.0,0.0,VICI
2020-05-29 00:00:00-04:00,16.66818871864009,17.208402594616203,16.406795926264614,17.09513282775879,4860500,0.0,0.0,VICI
2020-06-01 00:00:00-04:00,17.02542688040526,18.06228633063777,17.016713566298925,17.949016571044922,3415400,0.0,0.0,VICI
2020-06-02 00:00:00-04:00,18.297543043994313,18.30625635915694,17.652772679014287,17.82703399658203,6043900,0.0,0.0,VICI
2020-06-03 00:00:00-04:00,18.131990224266133,19.26469606986403,18.079712004283046,19.09043312072754,6083800,0.0,0.0,VICI
2020-06-04 00:00:00-04:00,19.081720446189976,19.8571887677362,18.728840372116725,19.369253158569336,5951200,0.0,0.0,VICI
2020-06-05 00:00:00-04:00,20.292840842340777,20.894044438855193,19.66549564682047,20.03144645690918,8179800,0.0,0.0,VICI
2020-06-08 00:00:00-04:00,20.49324365097184,20.562948493516867,19.739559521611714,19.892038345336914,7457100,0.0,0.0,VICI
2020-06-09 00:00:00-04:00,19.229841474445,19.648070528937257,18.97716204389971,19.16884994506836,3233000,0.0,0.0,VICI
2020-06-10 00:00:00-04:00,18.933596559523874,19.125286133529595,17.827030668854125,18.42823600769043,6402300,0.0,0.0,VICI
2020-06-11 00:00:00-04:00,17.304249429361704,18.105856191998175,17.00800334348116,17.870601654052734,4862200,0.0,0.0,VICI
2020-06-12 00:00:00-04:00,18.724483407130005,19.456385179425848,18.314967611969493,19.421533584594727,5657100,0.0,0.0,VICI
2020-06-15 00:00:00-04:00,18.628636204576978,20.13600612519177,18.471801555271576,19.892038345336914,23878600,0.0,0.0,VICI
2020-06-16 00:00:00-04:00,20.6762200684704,20.6762200684704,19.07300688621928,19.49123764038086,11722000,0.0,0.0,VICI
2020-06-17 00:00:00-04:00,19.909466632901292,20.318982409290786,19.665498832687206,19.953031539916992,15194000,0.0,0.0,VICI
2020-06-18 00:00:00-04:00,19.700350352198996,19.926891504890477,19.54786986728834,19.69163703918457,3744600,0.0,0.0,VICI
2020-06-19 00:00:00-04:00,19.534803685075968,19.831049724821668,19.20370604989272,19.587081909179688,8661100,0.0,0.0,VICI
2020-06-22 00:00:00-04:00,19.38667657951044,19.38667657951044,18.7070531618119,18.98587417602539,7861900,0.0,0.0,VICI
2020-06-23 00:00:00-04:00,19.247264583387405,19.5130147658764,19.03815009435366,19.22112464904785,7770400,0.0,0.0,VICI
2020-06-24 00:00:00-04:00,18.916170185419308,18.99458834639859,17.90544906823595,18.367244720458984,6571900,0.0,0.0,VICI
2020-06-25 00:00:00-04:00,18.17555410715667,18.515364979683476,18.018717808484485,18.349815368652344,4713800,0.0,0.0,VICI
2020-06-26 00:00:00-04:00,18.27140129148799,18.349819458301244,17.19097524659896,17.452369689941406,6022900,0.0,0.0,VICI
2020-06-29 00:00:00-04:00,17.742471272179316,17.89283126969749,17.238323541381032,17.689403533935547,7746400,0.298,0.0,VICI
2020-06-30 00:00:00-04:00,17.68056146873448,17.954746795178966,17.539046352699057,17.85745620727539,4044000,0.0,0.0,VICI
2020-07-01 00:00:00-04:00,17.990126670490234,18.432361836063752,17.901679299976873,18.308536529541016,2514900,0.0,0.0,VICI
2020-07-02 00:00:00-04:00,18.7861483139984,18.856905868049513,18.282000530510082,18.450050354003906,4136400,0.0,0.0,VICI
2020-07-06 00:00:00-04:00,18.927662567112357,19.007265022698252,17.853031103695862,17.883987426757812,4423500,0.0,0.0,VICI
2020-07-07 00:00:00-04:00,17.60095670508317,18.096259546483402,17.45944160754025,17.680559158325195,2779800,0.0,0.0,VICI
2020-07-08 00:00:00-04:00,17.742473594783217,17.91052342271244,17.51693441247792,17.866300582885742,2158800,0.0,0.0,VICI
2020-07-09 00:00:00-04:00,17.866300515000212,17.963591099647925,17.3356180041302,17.5036678314209,9129100,0.0,0.0,VICI
2020-07-10 00:00:00-04:00,17.441753366102652,17.7778530182174,17.29581664670552,17.65402603149414,4395700,0.0,0.0,VICI
2020-07-13 00:00:00-04:00,17.769004578164285,18.08741435640686,17.38868216237295,17.468284606933594,2585800,0.0,0.0,VICI
2020-07-14 00:00:00-04:00,17.459439804663017,17.58326508047851,17.087962290223683,17.4063720703125,6223800,0.0,0.0,VICI
2020-07-15 00:00:00-04:00,17.769006714186915,18.741924285888672,17.751316905048526,18.741924285888672,4350400,0.0,0.0,VICI
2020-07-16 00:00:00-04:00,18.565029037687072,18.684432715467683,17.901676396901237,18.626941680908203,6878900,0.0,0.0,VICI
2020-07-17 00:00:00-04:00,18.688853808533185,19.19300321869585,18.547338717362493,19.060331344604492,4457800,0.0,0.0,VICI
2020-07-20 00:00:00-04:00,19.069176665996054,19.131089308864038,18.50311628892534,18.688854217529297,4622600,0.0,0.0,VICI
2020-07-21 00:00:00-04:00,18.750770645790826,19.086868610541067,18.706546119512385,18.98957633972168,4029100,0.0,0.0,VICI
2020-07-22 00:00:00-04:00,18.848059445636245,19.723684739152706,18.839214541217732,19.68830680847168,8973700,0.0,0.0,VICI
2020-07-23 00:00:00-04:00,19.48487950083632,19.652927627543516,19.069177418893226,19.104557037353516,5803300,0.0,0.0,VICI
2020-07-24 00:00:00-04:00,18.901130489414086,19.09571334229169,18.582720651075135,18.60041046142578,2356600,0.0,0.0,VICI
2020-07-27 00:00:00-04:00,18.573878764625835,18.573878764625835,17.994550033935344,18.370450973510742,3104500,0.0,0.0,VICI
2020-07-28 00:00:00-04:00,18.2377782232947,18.557956038181395,18.038772069541597,18.317378997802734,5260900,0.0,0.0,VICI
2020-07-29 00:00:00-04:00,18.47658272113888,19.078022752544808,18.317377808473417,18.94535255432129,3427900,0.0,0.0,VICI
2020-07-30 00:00:00-04:00,18.54734026247926,19.405277472040527,18.54734026247926,19.157625198364258,2751700,0.0,0.0,VICI
2020-07-31 00:00:00-04:00,19.184158954674256,19.228381789518167,18.662321405949644,19.201847076416016,2477400,0.0,0.0,VICI
2020-08-03 00:00:00-04:00,19.19300501418878,19.51141315561323,18.927662928176442,19.458345413208008,2474000,0.0,0.0,VICI
2020-08-04 00:00:00-04:00,19.44950171070705,20.11285443625774,19.44950171070705,20.077476501464844,5922100,0.0,0.0,VICI
2020-08-05 00:00:00-04:00,20.183609864960346,20.292400672189377,19.57332494943548,19.77675437927246,3307600,0.0,0.0,VICI
2020-08-06 00:00:00-04:00,19.723687031576567,20.254369549415763,19.68830909678367,20.077476501464844,2552000,0.0,0.0,VICI
2020-08-07 00:00:00-04:00,19.96249376523983,20.333971346887335,19.94480395492491,20.236679077148438,1691000,0.0,0.0,VICI
2020-08-10 00:00:00-04:00,20.342815706822776,20.73198308835485,20.30743608714117,20.457796096801758,8169200,0.0,0.0,VICI
2020-08-11 00:00:00-04:00,20.643535724838355,20.92656593430083,20.493175715187277,20.581623077392578,3785700,0.0,0.0,VICI
2020-08-12 00:00:00-04:00,20.75851600336811,20.9265658219567,20.60815599452424,20.643535614013672,3023500,0.0,0.0,VICI
2020-08-13 00:00:00-04:00,20.590468530801537,20.789472992323155,20.31628153196199,20.360506057739258,5811400,0.0,0.0,VICI
2020-08-14 00:00:00-04:00,20.21014531086543,20.546243259613295,20.068630207498632,20.280902862548828,3770400,0.0,0.0,VICI
2020-08-17 00:00:00-04:00,20.307438608073365,20.528556197553222,20.042098175494868,20.510868072509766,5600800,0.0,0.0,VICI
2020-08-18 00:00:00-04:00,20.510866284154073,20.599313649632897,20.157078509231948,20.32512664794922,1828000,0.0,0.0,VICI
2020-08-19 00:00:00-04:00,20.280902435894365,20.493175086478928,20.183610171754044,20.440107345581055,3072400,0.0,0.0,VICI
2020-08-20 00:00:00-04:00,20.387037917690115,20.696602832415,20.272057531245878,20.440107345581055,1703300,0.0,0.0,VICI
2020-08-21 00:00:00-04:00,20.47548365654194,20.630266945149778,19.5998584095642,19.91826820373535,2452900,0.0,0.0,VICI
2020-08-24 00:00:00-04:00,19.927113645559608,20.35165892458525,19.847511194868176,20.333969116210938,1318800,0.0,0.0,VICI
2020-08-25 00:00:00-04:00,20.351662009531278,20.4754873129352,20.07747668613977,20.254369735717773,1162800,0.0,0.0,VICI
2020-08-26 00:00:00-04:00,20.25436698427791,20.33396943622211,20.015559628445327,20.148231506347656,1114400,0.0,0.0,VICI
2020-08-27 00:00:00-04:00,20.1836083892793,20.696601004636346,20.1836083892793,20.466638565063477,2983400,0.0,0.0,VICI
2020-08-28 00:00:00-04:00,20.563934028644095,20.64353648887572,20.20130134847477,20.32512664794922,7706500,0.0,0.0,VICI
2020-08-31 00:00:00-04:00,20.369352542508032,20.369352542508032,19.75022262955903,19.75906753540039,5322100,0.0,0.0,VICI
2020-09-01 00:00:00-04:00,19.61755057001412,20.678913866209324,19.493725273872965,20.67007064819336,3213600,0.0,0.0,VICI
2020-09-02 00:00:00-04:00,20.617002249353185,20.88234435191863,20.050941796402718,20.864654541015625,2995800,0.0,0.0,VICI
2020-09-03 00:00:00-04:00,20.92656430991515,20.997321856788343,20.161497807163414,20.272056579589844,3165700,0.0,0.0,VICI
2020-09-04 00:00:00-04:00,20.44010852178369,20.917721591334384,19.750221102440285,20.236679077148438,5158300,0.0,0.0,VICI
2020-09-08 00:00:00-04:00,20.00671909251882,20.838119966708952,19.9014658978237,20.590469360351562,4750500,0.0,0.0,VICI
2020-09-09 00:00:00-04:00,20.73198389824504,21.147684323784443,20.590468787976597,21.02385902404785,6259300,0.0,0.0,VICI
2020-09-10 00:00:00-04:00,20.988480461403224,21.5810756481585,20.944257619836684,21.00617027282715,3738600,0.0,0.0,VICI
2020-09-11 00:00:00-04:00,21.28035545349121,21.342268106049822,20.984058705676922,21.28035545349121,2787000,0.0,0.0,VICI
2020-09-14 00:00:00-04:00,21.351111375248667,22.05868859009861,21.289198727435334,21.943706512451172,3675700,0.0,0.0,VICI
2020-09-15 00:00:00-04:00,22.12944475640643,22.801642309251722,22.02330759038116,22.483232498168945,8309700,0.0,0.0,VICI
2020-09-16 00:00:00-04:00,22.79279610071441,23.044869957734534,22.147133298066116,22.2002010345459,12975700,0.0,0.0,VICI
2020-09-17 00:00:00-04:00,22.235583389077526,22.270963011768124,21.40860410910724,21.642988204956055,5312800,0.0,0.0,VICI
2020-09-18 00:00:00-04:00,21.492626753677765,21.696056196638207,20.891188390860528,21.059236526489258,13325300,0.0,0.0,VICI
2020-09-21 00:00:00-04:00,20.68775965181548,20.793896829449412,20.08631958154068,20.351661682128906,9327700,0.0,0.0,VICI
2020-09-22 00:00:00-04:00,20.31628528062324,21.06808548762358,20.263217526891886,20.572782516479492,4956400,0.0,0.0,VICI
2020-09-23 00:00:00-04:00,20.563931990518615,20.84696218240472,20.17476463317871,20.17476463317871,5711800,0.0,0.0,VICI
2020-09-24 00:00:00-04:00,20.174765898974616,20.643535738067953,20.037674090112002,20.36935043334961,4641700,0.0,0.0,VICI
2020-09-25 00:00:00-04:00,20.28090211148994,20.846962503994316,20.263212302475917,20.838117599487305,3239600,0.0,0.0,VICI
2020-09-28 00:00:00-04:00,21.421869179358257,21.52800635327856,21.08577122143141,21.395336151123047,3321200,0.0,0.0,VICI
2020-09-29 00:00:00-04:00,21.296698239987684,21.314632712141556,20.812477753785455,20.97388458251953,8353800,0.33,0.0,VICI
2020-09-30 00:00:00-04:00,21.117358730120344,21.467074125479623,20.803513992436507,20.95595359802246,5697500,0.0,0.0,VICI
2020-10-01 00:00:00-04:00,21.18909295770113,21.29669807948803,20.85731377698185,21.26979637145996,10574200,0.0,0.0,VICI
2020-10-02 00:00:00-04:00,20.830414836610313,21.664349082702888,20.73177864805275,21.574678421020508,5321400,0.0,0.0,VICI
2020-10-05 00:00:00-04:00,21.816784697086142,21.897488106780845,21.323598713685456,21.74504852294922,2407300,0.0,0.0,VICI
2020-10-06 00:00:00-04:00,21.84368655245962,21.906455491466062,21.215993741744565,21.386367797851562,6357000,0.0,0.0,VICI
2020-10-07 00:00:00-04:00,21.5208738487458,21.610544498513985,21.233929137747918,21.26979637145996,3869600,0.0,0.0,VICI
2020-10-08 00:00:00-04:00,21.42223835914505,21.68228310152746,21.30566769863521,21.53881072998047,3504700,0.0,0.0,VICI
2020-10-09 00:00:00-04:00,21.74504652107346,21.861617151942337,21.126321007149812,21.198057174682617,6848800,0.0,0.0,VICI
2020-10-12 00:00:00-04:00,21.36843746232569,21.440173650834993,21.15322889679778,21.404306411743164,2414800,0.0,0.0,VICI
2020-10-13 00:00:00-04:00,21.24289525743752,21.377400369858826,21.081488438401838,21.260828018188477,4681800,0.0,0.0,VICI
2020-10-14 00:00:00-04:00,21.30566677041674,21.47604084557824,21.099425459093897,21.233930587768555,2229300,0.0,0.0,VICI
2020-10-15 00:00:00-04:00,20.938020316641783,21.51639429815214,20.938020316641783,21.46707534790039,5262800,0.0,0.0,VICI
2020-10-16 00:00:00-04:00,21.386370189686634,21.543292554752817,21.224963351146844,21.233930587768555,1776200,0.0,0.0,VICI
2020-10-19 00:00:00-04:00,21.502938061584878,21.502938061584878,20.704872919141845,20.75867462158203,1813000,0.0,0.0,VICI
2020-10-20 00:00:00-04:00,20.929050452632797,21.11735728233295,20.803512566166027,20.866281509399414,1563900,0.0,0.0,VICI
2020-10-21 00:00:00-04:00,20.803514764319313,21.07252503812255,20.588304492885992,21.009756088256836,2767600,0.0,0.0,VICI
2020-10-22 00:00:00-04:00,21.00975399902722,21.529841730900916,20.95595229168179,21.431203842163086,1978100,0.0,0.0,VICI
2020-10-23 00:00:00-04:00,21.556743613852493,21.67331426576339,21.386369543836146,21.6195125579834,1559900,0.0,0.0,VICI
2020-10-26 00:00:00-04:00,21.44913783264482,21.44913783264482,20.6914243425603,20.97388458251953,2987300,0.0,0.0,VICI
2020-10-27 00:00:00-04:00,20.97388737021068,21.15322869493533,20.29239273071289,20.29239273071289,2916300,0.0,0.0,VICI
2020-10-28 00:00:00-04:00,19.915775326050767,20.579337134999626,19.844039145397574,20.211688995361328,3365800,0.0,0.0,VICI
2020-10-29 00:00:00-04:00,20.274455428705547,21.07252055342479,20.05924691339896,20.848344802856445,3162000,0.0,0.0,VICI
2020-10-30 00:00:00-04:00,20.89318280945087,20.93801899335774,20.256524390903156,20.57933807373047,3270600,0.0,0.0,VICI
2020-11-02 00:00:00-05:00,20.71383847141748,21.242893348343834,20.642102303884677,21.198057174682617,2738500,0.0,0.0,VICI
2020-11-03 00:00:00-05:00,21.440169498391157,21.57915908497647,21.251862681396844,21.44913673400879,2654000,0.0,0.0,VICI
2020-11-04 00:00:00-05:00,21.49397510766112,22.148569744098758,21.36843720685214,21.9512939453125,6800200,0.0,0.0,VICI
2020-11-05 00:00:00-05:00,22.220305802575343,22.315355438256546,21.588130118093492,21.637447357177734,3652000,0.0,0.0,VICI
2020-11-06 00:00:00-05:00,21.664347972281938,21.79885310274855,21.36843600112519,21.502941131591797,1775300,0.0,0.0,VICI
2020-11-09 00:00:00-05:00,22.856964809086055,23.260481941095733,21.32360312810059,21.35947036743164,9458700,0.0,0.0,VICI
2020-11-10 00:00:00-05:00,21.32359892689877,22.66865348815918,21.29669721995645,22.66865348815918,6510500,0.0,0.0,VICI
2020-11-11 00:00:00-05:00,22.955601695681928,22.97353616971758,22.435513920927068,22.776260375976562,3887400,0.0,0.0,VICI
2020-11-12 00:00:00-05:00,22.704521005196877,22.704521005196877,22.058895423411187,22.327905654907227,2628300,0.0,0.0,VICI
2020-11-13 00:00:00-05:00,22.570018085135466,23.188743730158453,22.534149138606363,23.14390754699707,7128100,0.0,0.0,VICI
2020-11-16 00:00:00-05:00,23.94197337468412,24.040609552335525,23.170808163938922,23.493621826171875,3002200,0.0,0.0,VICI
2020-11-17 00:00:00-05:00,23.529491257950617,23.88817218819022,22.989676586214433,23.699865341186523,5599200,0.0,0.0,VICI
2020-11-18 00:00:00-05:00,23.53845740718968,23.79850213854916,23.121490310579137,23.14390754699707,7794600,0.0,0.0,VICI
2020-11-19 00:00:00-05:00,23.036303204969254,23.466720284118143,22.650720596859667,23.197710037231445,6240200,0.0,0.0,VICI
2020-11-20 00:00:00-05:00,23.197710037231445,23.412918576805893,23.04078596794301,23.197710037231445,4072200,0.0,0.0,VICI
2020-11-23 00:00:00-05:00,23.33221625245228,23.802985061695264,23.25151283254485,23.39498519897461,7212600,0.0,0.0,VICI
2020-11-24 00:00:00-05:00,23.798500690926303,24.09441264048955,23.34566467533191,23.412918090820312,5144200,0.0,0.0,VICI
2020-11-25 00:00:00-05:00,23.359112713655158,23.529486764353493,22.749356103860276,22.86592674255371,3098100,0.0,0.0,VICI
2020-11-27 00:00:00-05:00,22.964567176606188,23.305313605598904,22.825577578946746,23.02733612060547,1715600,0.0,0.0,VICI
2020-11-30 00:00:00-05:00,22.955599318899658,23.314280210847617,22.56553395580159,22.677621841430664,11679700,0.0,0.0,VICI
2020-12-01 00:00:00-05:00,22.830063837563234,23.211163743565056,22.726943169442944,22.883867263793945,4767600,0.0,0.0,VICI
2020-12-02 00:00:00-05:00,22.856961563158784,22.99146668461899,22.417577254215214,22.695554733276367,3870700,0.0,0.0,VICI
2020-12-03 00:00:00-05:00,22.65072025863896,23.578807819962922,22.596918552130074,23.36808204650879,3253500,0.0,0.0,VICI
2020-12-04 00:00:00-05:00,23.61916034395335,23.628127580402403,23.19771049280075,23.233577728271484,2316800,0.0,0.0,VICI
2020-12-07 00:00:00-05:00,23.125974337606788,23.36808288070226,22.87041237433436,23.045270919799805,2902000,0.0,0.0,VICI
2020-12-08 00:00:00-05:00,23.00940020782397,23.12148808947172,22.812126151841053,22.937664031982422,3808700,0.0,0.0,VICI
2020-12-09 00:00:00-05:00,23.054238539446136,23.17081091367549,22.677624835914592,22.812129974365234,4835900,0.0,0.0,VICI
2020-12-10 00:00:00-05:00,22.749356104714824,23.099069731133522,22.61484928502278,22.803157806396484,4929100,0.0,0.0,VICI
2020-12-11 00:00:00-05:00,22.659688439623295,23.233577893848736,22.650721203110336,23.00043487548828,2828100,0.0,0.0,VICI
2020-12-14 00:00:00-05:00,23.099073737288872,23.403952950236693,22.686589391990125,22.758325576782227,4359200,0.0,0.0,VICI
2020-12-15 00:00:00-05:00,22.776258011259742,23.484654269189424,22.646235653489043,23.412918090820312,4544200,0.0,0.0,VICI
2020-12-16 00:00:00-05:00,23.62812563356725,23.62812563356725,23.2066741068146,23.359113693237305,3057500,0.0,0.0,VICI
2020-12-17 00:00:00-05:00,23.538458009756305,23.968875117170857,23.296347745463535,23.852304458618164,4638300,0.0,0.0,VICI
2020-12-18 00:00:00-05:00,23.915074633243204,23.915074633243204,22.8928335231081,23.1259765625,6027100,0.0,0.0,VICI
2020-12-21 00:00:00-05:00,22.80316066637886,23.188743282495448,22.641753830764895,23.045270919799805,4013500,0.0,0.0,VICI
2020-12-22 00:00:00-05:00,23.127021506631923,23.56303895545171,23.072519975244116,23.553955078125,3319000,0.33,0.0,VICI
2020-12-23 00:00:00-05:00,23.72654554321205,23.821923657333116,23.49945380526335,23.53578758239746,3384500,0.0,0.0,VICI
2020-12-24 00:00:00-05:00,23.535787016756824,23.772870494405215,23.295070334739584,23.508535385131836,709900,0.0,0.0,VICI
2020-12-28 00:00:00-05:00,23.59029103198258,23.59029103198258,23.308697739156443,23.426786422729492,2167400,0.0,0.0,VICI
2020-12-29 00:00:00-05:00,23.517619140197173,23.66295770963075,22.899929353818273,22.945348739624023,1951200,0.0,0.0,VICI
2020-12-30 00:00:00-05:00,22.927181477561867,23.35411331786792,22.927181477561867,23.317779541015625,1566400,0.0,0.0,VICI
2020-12-31 00:00:00-05:00,23.36319495864511,23.36319495864511,22.968055860626492,23.163354873657227,2195700,0.0,0.0,VICI
2021-01-04 00:00:00-05:00,23.181526868886316,23.52216450289497,22.38216291750535,22.391246795654297,3954900,0.0,0.0,VICI
2021-01-05 00:00:00-05:00,22.363995855014767,22.88176475744692,22.264074932590137,22.681922912597656,4441500,0.0,0.0,VICI
2021-01-06 00:00:00-05:00,22.88176397328669,23.145189488052395,22.491165907273526,22.736425399780273,4628300,0.0,0.0,VICI
2021-01-07 00:00:00-05:00,22.772758167957623,22.899928980998506,22.40487067806867,22.618335723876953,4119500,0.0,0.0,VICI
2021-01-08 00:00:00-05:00,22.809094537076344,23.590288931411415,22.709173618730745,23.317779541015625,9307800,0.0,0.0,VICI
2021-01-11 00:00:00-05:00,22.981683212787434,23.136105664066175,22.654672287929046,23.01801872253418,5691800,0.0,0.0,VICI
2021-01-12 00:00:00-05:00,23.16335987745795,23.16335987745795,22.831806110650113,22.918100357055664,6858800,0.0,0.0,VICI
2021-01-13 00:00:00-05:00,22.863594499060007,23.154271624213244,22.790925217771697,22.954431533813477,5661400,0.0,0.0,VICI
2021-01-14 00:00:00-05:00,23.108854108314336,23.217857164598325,22.80000922788913,22.999849319458008,5371600,0.0,0.0,VICI
2021-01-15 00:00:00-05:00,22.899930824485086,22.999851747102394,22.595628716619693,22.85451316833496,4180900,0.0,0.0,VICI
2021-01-19 00:00:00-05:00,22.9453518971978,23.072522729809407,22.672840742579517,23.045272827148438,4218300,0.0,0.0,VICI
2021-01-20 00:00:00-05:00,23.281444985463377,23.999055732851534,23.117940384070366,23.953638076782227,5013600,0.0,0.0,VICI
2021-01-21 00:00:00-05:00,24.080806797671055,24.12622444977557,23.59937171553029,23.84463119506836,3005800,0.0,0.0,VICI
2021-01-22 00:00:00-05:00,23.86279680219023,23.989967602700208,23.638430433045247,23.971799850463867,2958300,0.0,0.0,VICI
2021-01-25 00:00:00-05:00,23.94455210878514,24.294273574221492,23.703833701428568,23.84463119506836,14339600,0.0,0.0,VICI
2021-01-26 00:00:00-05:00,24.062637883548657,24.117139409960597,23.3177773364871,23.681123733520508,5304300,0.0,0.0,VICI
2021-01-27 00:00:00-05:00,23.426782853976057,23.672040596780295,22.46845551070903,22.482080459594727,8293800,0.0,0.0,VICI
2021-01-28 00:00:00-05:00,22.58200389172988,23.708378749720623,22.559293330956137,23.481287002563477,8330800,0.0,0.0,VICI
2021-01-29 00:00:00-05:00,23.33594653190267,23.399531938742268,22.627419714463482,22.963516235351562,3442000,0.0,0.0,VICI
2021-02-01 00:00:00-05:00,23.01801941863751,23.89005088806152,22.909014618673254,23.890050888061523,7568000,0.0,0.0,VICI
2021-02-02 00:00:00-05:00,23.97180187789162,24.31698226928711,23.717460255360585,24.31698226928711,3477400,0.0,0.0,VICI
2021-02-03 00:00:00-05:00,24.20797646989149,24.46231981439026,23.980884754915824,24.19889259338379,3079000,0.0,0.0,VICI
2021-02-04 00:00:00-05:00,24.226148773715565,24.5077420680616,24.16256335878962,24.335153579711914,3675200,0.0,0.0,VICI
2021-02-05 00:00:00-05:00,24.52590929570216,24.653080122812206,24.389654590573883,24.480491638183594,3195200,0.0,0.0,VICI
